country,scenario_id,variable,wrong_model_count,total_model_count,case_failure_sources,case_failure_subtypes,case_annotation
uk,scenario_000,child_benefit,12,12,llm_error,age_disability;other;thresholds_rates,"Grouped audit: 12/12 models did not receive full credit for this child_benefit case. Wrong responses were 3 over, 9 under relative to the reference GBP 1,400.66; parsed wrong values ranged from GBP 1,328.00 to GBP 1,904.40. Common patterns: age or disability treatment; the model calculation or policy interpretation; thresholds, brackets, or rates."
uk,scenario_000,income_tax,12,12,llm_error,taxable_income_or_deductions,"Grouped audit: 12/12 models did not receive full credit for this income_tax case. Wrong responses were 8 over, 4 under relative to the reference GBP 782.15; parsed wrong values ranged from GBP 0.00 to GBP 917.40. Common patterns: taxable-income or deduction assumptions."
uk,scenario_000,national_insurance,12,12,llm_error,taxable_income_or_deductions;thresholds_rates,"Grouped audit: 12/12 models did not receive full credit for this national_insurance case. Wrong responses were 6 over, 6 under relative to the reference GBP 413.66; parsed wrong values ranged from GBP 0.00 to GBP 1,514.00. Common patterns: taxable-income or deduction assumptions; thresholds, brackets, or rates."
uk,scenario_000,universal_credit,12,12,llm_error,credit_phaseout;taxable_income_or_deductions;thresholds_rates,"Grouped audit: 12/12 models did not receive full credit for this universal_credit case. Wrong responses were 2 over, 10 under relative to the reference GBP 6,880.91; parsed wrong values ranged from GBP 0.00 to GBP 13,058.76. Common patterns: credit or phaseout treatment; taxable-income or deduction assumptions; thresholds, brackets, or rates."
uk,scenario_001,income_tax,12,12,llm_error,taxable_income_or_deductions,"Grouped audit: 12/12 models did not receive full credit for this income_tax case. Wrong responses were 12 under relative to the reference GBP 1,756.01; parsed wrong values were GBP 0.00. Common patterns: taxable-income or deduction assumptions."
uk,scenario_001,pension_credit,12,12,llm_error,asset_resource;credit_phaseout;taxable_income_or_deductions,"Grouped audit: 12/12 models did not receive full credit for this pension_credit case. Wrong responses were 12 under relative to the reference GBP 15,022.40; parsed wrong values ranged from GBP 0.00 to GBP 3,723.90. Common patterns: asset or resource limits; credit or phaseout treatment; taxable-income or deduction assumptions."
uk,scenario_002,pension_credit,12,12,llm_error,asset_resource;credit_phaseout,"Grouped audit: 12/12 models did not receive full credit for this pension_credit case. Wrong responses were 2 over, 10 under relative to the reference GBP 1,437.45; parsed wrong values ranged from GBP 0.00 to GBP 2,080.00. Common patterns: asset or resource limits; credit or phaseout treatment."
uk,scenario_003,capital_gains_tax,12,12,llm_error,other;taxable_income_or_deductions;thresholds_rates,"Grouped audit: 12/12 models did not receive full credit for this capital_gains_tax case. Wrong responses were 12 under relative to the reference GBP 65,404.51; parsed wrong values ranged from GBP 38,685.00 to GBP 64,952.00. Common patterns: the model calculation or policy interpretation; taxable-income or deduction assumptions; thresholds, brackets, or rates."
uk,scenario_003,income_tax,12,12,llm_error,asset_resource;taxable_income_or_deductions,"Grouped audit: 12/12 models did not receive full credit for this income_tax case. Wrong responses were 10 over, 2 under relative to the reference GBP 397.26; parsed wrong values ranged from GBP 0.00 to GBP 19,952.00. Common patterns: asset or resource limits; taxable-income or deduction assumptions."
uk,scenario_003,national_insurance,12,12,llm_error,taxable_income_or_deductions;thresholds_rates,"Grouped audit: 12/12 models did not receive full credit for this national_insurance case. Wrong responses were 4 over, 8 under relative to the reference GBP 259.71; parsed wrong values ranged from GBP 0.00 to GBP 1,320.72. Common patterns: taxable-income or deduction assumptions; thresholds, brackets, or rates."
uk,scenario_003,pension_credit,1,12,llm_error,credit_phaseout,"Grouped audit: 1/12 models did not receive full credit for this pension_credit case. Wrong responses were 1 over relative to the reference GBP 0.00; parsed wrong values were GBP 4,521.00. Common patterns: credit or phaseout treatment."
uk,scenario_003,pip,1,12,llm_error,age_disability,"Grouped audit: 1/12 models did not receive full credit for this pip case. Wrong responses were 1 over relative to the reference GBP 0.00; parsed wrong values were GBP 4,542.00. Common patterns: age or disability treatment."
uk,scenario_003,universal_credit,1,12,llm_error,age_disability,"Grouped audit: 1/12 models did not receive full credit for this universal_credit case. Wrong responses were 1 over relative to the reference GBP 0.00; parsed wrong values were GBP 9,794.00. Common patterns: age or disability treatment."
uk,scenario_004,income_tax,12,12,llm_error,taxable_income_or_deductions,"Grouped audit: 12/12 models did not receive full credit for this income_tax case. Wrong responses were 1 over, 11 under relative to the reference GBP 188.39; parsed wrong values ranged from GBP 0.00 to GBP 312.40. Common patterns: taxable-income or deduction assumptions."
uk,scenario_005,capital_gains_tax,12,12,llm_error,asset_resource;taxable_income_or_deductions;thresholds_rates,"Grouped audit: 12/12 models did not receive full credit for this capital_gains_tax case. Wrong responses were 2 over, 10 under relative to the reference GBP 70.63; parsed wrong values ranged from GBP 0.00 to GBP 776.00. Common patterns: asset or resource limits; taxable-income or deduction assumptions; thresholds, brackets, or rates."
uk,scenario_005,income_tax,12,12,llm_error,taxable_income_or_deductions,"Grouped audit: 12/12 models did not receive full credit for this income_tax case. Wrong responses were 3 over, 9 under relative to the reference GBP 7,611.78; parsed wrong values ranged from GBP 0.00 to GBP 11,333.60. Common patterns: taxable-income or deduction assumptions."
uk,scenario_006,income_tax,12,12,llm_error,taxable_income_or_deductions,"Grouped audit: 12/12 models did not receive full credit for this income_tax case. Wrong responses were 1 over, 11 under relative to the reference GBP 1,388.61; parsed wrong values ranged from GBP 0.00 to GBP 1,777.00. Common patterns: taxable-income or deduction assumptions."
uk,scenario_007,income_tax,12,12,llm_error,taxable_income_or_deductions,Grouped audit: 12/12 models did not receive full credit for this income_tax case. Wrong responses were 12 under relative to the reference GBP 877.12; parsed wrong values ranged from GBP 0.00 to GBP 766.00. Common patterns: taxable-income or deduction assumptions.
uk,scenario_007,national_insurance,12,12,llm_error,taxable_income_or_deductions;thresholds_rates,"Grouped audit: 12/12 models did not receive full credit for this national_insurance case. Wrong responses were 2 over, 10 under relative to the reference GBP 350.85; parsed wrong values ranged from GBP 0.00 to GBP 1,046.28. Common patterns: taxable-income or deduction assumptions; thresholds, brackets, or rates."
uk,scenario_007,universal_credit,2,12,llm_error,taxable_income_or_deductions;thresholds_rates,"Grouped audit: 2/12 models did not receive full credit for this universal_credit case. Wrong responses were 2 over relative to the reference GBP 0.00; parsed wrong values ranged from GBP 3,120.00 to GBP 6,962.00. Common patterns: taxable-income or deduction assumptions; thresholds, brackets, or rates."
uk,scenario_008,income_tax,12,12,llm_error,asset_resource;taxable_income_or_deductions;thresholds_rates,"Grouped audit: 12/12 models did not receive full credit for this income_tax case. Wrong responses were 2 over, 10 under relative to the reference GBP 27,622.06; parsed wrong values ranged from GBP 0.00 to GBP 35,971.00. Common patterns: asset or resource limits; taxable-income or deduction assumptions; thresholds, brackets, or rates."
uk,scenario_008,national_insurance,12,12,llm_error,age_disability;other;taxable_income_or_deductions;thresholds_rates,"Grouped audit: 12/12 models did not receive full credit for this national_insurance case. Wrong responses were 2 over, 10 under relative to the reference GBP 6,263.20; parsed wrong values ranged from GBP 0.00 to GBP 10,120.00. Common patterns: age or disability treatment; the model calculation or policy interpretation; taxable-income or deduction assumptions; thresholds, brackets, or rates."
uk,scenario_009,child_benefit,11,12,llm_error,other;period_annualization;thresholds_rates,"Grouped audit: 11/12 models did not receive full credit for this child_benefit case. Wrong responses were 1 over, 10 under relative to the reference GBP 1,400.66; parsed wrong values ranged from GBP 2.00 to GBP 1,406.07. Common patterns: the model calculation or policy interpretation; annualization or period assumptions; thresholds, brackets, or rates."
uk,scenario_009,pip,1,12,llm_error,thresholds_rates,"Grouped audit: 1/12 models did not receive full credit for this pip case. Wrong responses were 1 over relative to the reference GBP 0.00; parsed wrong values were GBP 7,816.64. Common patterns: thresholds, brackets, or rates."
uk,scenario_009,universal_credit,12,12,llm_error,credit_phaseout;taxable_income_or_deductions;thresholds_rates,"Grouped audit: 12/12 models did not receive full credit for this universal_credit case. Wrong responses were 1 over, 11 under relative to the reference GBP 17,316.77; parsed wrong values ranged from GBP 0.00 to GBP 21,323.52. Common patterns: credit or phaseout treatment; taxable-income or deduction assumptions; thresholds, brackets, or rates."
uk,scenario_010,income_tax,12,12,llm_error,taxable_income_or_deductions,"Grouped audit: 12/12 models did not receive full credit for this income_tax case. Wrong responses were 3 over, 9 under relative to the reference GBP 6,262.23; parsed wrong values ranged from GBP 0.00 to GBP 7,323.70. Common patterns: taxable-income or deduction assumptions."
uk,scenario_010,national_insurance,4,12,llm_error,thresholds_rates,"Grouped audit: 4/12 models did not receive full credit for this national_insurance case. Wrong responses were 4 over relative to the reference GBP 0.00; parsed wrong values ranged from GBP 1,118.00 to GBP 3,349.00. Common patterns: thresholds, brackets, or rates."
uk,scenario_011,child_benefit,12,12,llm_error,age_disability;other;thresholds_rates,"Grouped audit: 12/12 models did not receive full credit for this child_benefit case. Wrong responses were 3 over, 9 under relative to the reference GBP 1,400.66; parsed wrong values ranged from GBP 1,329.00 to GBP 1,469.40. Common patterns: age or disability treatment; the model calculation or policy interpretation; thresholds, brackets, or rates."
uk,scenario_011,income_tax,12,12,llm_error,taxable_income_or_deductions,"Grouped audit: 12/12 models did not receive full credit for this income_tax case. Wrong responses were 12 under relative to the reference GBP 1,585.16; parsed wrong values ranged from GBP 0.00 to GBP 1,464.40. Common patterns: taxable-income or deduction assumptions."
uk,scenario_011,national_insurance,12,12,llm_error,taxable_income_or_deductions;thresholds_rates,"Grouped audit: 12/12 models did not receive full credit for this national_insurance case. Wrong responses were 4 over, 8 under relative to the reference GBP 634.07; parsed wrong values ranged from GBP 0.00 to GBP 1,242.00. Common patterns: taxable-income or deduction assumptions; thresholds, brackets, or rates."
uk,scenario_012,child_benefit,12,12,llm_error,other;thresholds_rates,"Grouped audit: 12/12 models did not receive full credit for this child_benefit case. Wrong responses were 2 over, 10 under relative to the reference GBP 4,183.15; parsed wrong values ranged from GBP 1,868.64 to GBP 6,840.00. Common patterns: the model calculation or policy interpretation; thresholds, brackets, or rates."
uk,scenario_012,income_tax,12,12,llm_error,other;taxable_income_or_deductions,"Grouped audit: 12/12 models did not receive full credit for this income_tax case. Wrong responses were 12 under relative to the reference GBP 7,440.74; parsed wrong values ranged from GBP 3,719.00 to GBP 7,038.80. Common patterns: the model calculation or policy interpretation; taxable-income or deduction assumptions."
uk,scenario_012,national_insurance,12,12,llm_error,other;taxable_income_or_deductions;thresholds_rates,"Grouped audit: 12/12 models did not receive full credit for this national_insurance case. Wrong responses were 4 over, 8 under relative to the reference GBP 2,976.30; parsed wrong values ranged from GBP 2,686.08 to GBP 4,226.72. Common patterns: the model calculation or policy interpretation; taxable-income or deduction assumptions; thresholds, brackets, or rates."
uk,scenario_013,income_tax,12,12,llm_error,taxable_income_or_deductions,"Grouped audit: 12/12 models did not receive full credit for this income_tax case. Wrong responses were 12 under relative to the reference GBP 9,157.54; parsed wrong values ranged from GBP 2,525.00 to GBP 7,876.80. Common patterns: taxable-income or deduction assumptions."
uk,scenario_013,national_insurance,4,12,llm_error,taxable_income_or_deductions;thresholds_rates,"Grouped audit: 4/12 models did not receive full credit for this national_insurance case. Wrong responses were 4 over relative to the reference GBP 0.00; parsed wrong values ranged from GBP 1,740.00 to GBP 4,589.11. Common patterns: taxable-income or deduction assumptions; thresholds, brackets, or rates."
uk,scenario_014,child_benefit,12,12,llm_error,age_disability;other;period_annualization;thresholds_rates,"Grouped audit: 12/12 models did not receive full credit for this child_benefit case. Wrong responses were 3 over, 9 under relative to the reference GBP 1,400.66; parsed wrong values ranged from GBP 1,323.20 to GBP 2,542.00. Common patterns: age or disability treatment; the model calculation or policy interpretation; annualization or period assumptions; thresholds, brackets, or rates."
uk,scenario_014,income_tax,12,12,llm_error,taxable_income_or_deductions,"Grouped audit: 12/12 models did not receive full credit for this income_tax case. Wrong responses were 1 over, 11 under relative to the reference GBP 6,651.67; parsed wrong values ranged from GBP 4,114.00 to GBP 12,745.00. Common patterns: taxable-income or deduction assumptions."
uk,scenario_014,national_insurance,12,12,llm_error,taxable_income_or_deductions;thresholds_rates,"Grouped audit: 12/12 models did not receive full credit for this national_insurance case. Wrong responses were 2 over, 10 under relative to the reference GBP 2,761.47; parsed wrong values ranged from GBP 0.00 to GBP 3,832.96. Common patterns: taxable-income or deduction assumptions; thresholds, brackets, or rates."
uk,scenario_015,capital_gains_tax,12,12,llm_error,taxable_income_or_deductions;thresholds_rates,"Grouped audit: 12/12 models did not receive full credit for this capital_gains_tax case. Wrong responses were 1 over, 11 under relative to the reference GBP 72,818.33; parsed wrong values ranged from GBP 4,457.00 to GBP 72,857.00. Common patterns: taxable-income or deduction assumptions; thresholds, brackets, or rates."
uk,scenario_015,income_tax,12,12,llm_error,taxable_income_or_deductions,"Grouped audit: 12/12 models did not receive full credit for this income_tax case. Wrong responses were 6 over, 6 under relative to the reference GBP 3,954.39; parsed wrong values ranged from GBP 0.00 to GBP 18,738.06. Common patterns: taxable-income or deduction assumptions."
uk,scenario_016,child_benefit,12,12,llm_error,age_disability;other;thresholds_rates,"Grouped audit: 12/12 models did not receive full credit for this child_benefit case. Wrong responses were 2 over, 10 under relative to the reference GBP 1,400.66; parsed wrong values ranged from GBP 1,115.00 to GBP 1,760.00. Common patterns: age or disability treatment; the model calculation or policy interpretation; thresholds, brackets, or rates."
uk,scenario_016,income_tax,12,12,llm_error,taxable_income_or_deductions,"Grouped audit: 12/12 models did not receive full credit for this income_tax case. Wrong responses were 1 over, 11 under relative to the reference GBP 26,503.34; parsed wrong values ranged from GBP 13,176.60 to GBP 28,659.80. Common patterns: taxable-income or deduction assumptions."
uk,scenario_016,national_insurance,12,12,llm_error,age_disability;asset_resource;other;payroll_tax_base;taxable_income_or_deductions;thresholds_rates,"Grouped audit: 12/12 models did not receive full credit for this national_insurance case. Wrong responses were 4 over, 8 under relative to the reference GBP 3,894.14; parsed wrong values ranged from GBP 3,277.00 to GBP 7,286.00. Common patterns: age or disability treatment; asset or resource limits; the model calculation or policy interpretation; payroll or contribution tax base."
uk,scenario_017,child_benefit,12,12,llm_error,categorical_eligibility;period_annualization;thresholds_rates,"Grouped audit: 12/12 models did not receive full credit for this child_benefit case. Wrong responses were 4 over, 8 under relative to the reference GBP 2,328.16; parsed wrong values ranged from GBP 0.00 to GBP 2,567.40. Common patterns: categorical eligibility; annualization or period assumptions; thresholds, brackets, or rates."
uk,scenario_017,universal_credit,12,12,llm_error,credit_phaseout;taxable_income_or_deductions;thresholds_rates,"Grouped audit: 12/12 models did not receive full credit for this universal_credit case. Wrong responses were 1 over, 11 under relative to the reference GBP 12,891.30; parsed wrong values ranged from GBP 0.00 to GBP 15,632.76. Common patterns: credit or phaseout treatment; taxable-income or deduction assumptions; thresholds, brackets, or rates."
uk,scenario_018,income_tax,12,12,llm_error,taxable_income_or_deductions,"Grouped audit: 12/12 models did not receive full credit for this income_tax case. Wrong responses were 1 over, 11 under relative to the reference GBP 25,158.31; parsed wrong values ranged from GBP 15,128.00 to GBP 31,317.00. Common patterns: taxable-income or deduction assumptions."
uk,scenario_018,national_insurance,1,12,llm_error,taxable_income_or_deductions,"Grouped audit: 1/12 models did not receive full credit for this national_insurance case. Wrong responses were 1 over relative to the reference GBP 0.00; parsed wrong values were GBP 4,068.00. Common patterns: taxable-income or deduction assumptions."
uk,scenario_019,child_benefit,12,12,llm_error,other;period_annualization;state_local_rule;thresholds_rates,"Grouped audit: 12/12 models did not receive full credit for this child_benefit case. Wrong responses were 4 over, 8 under relative to the reference GBP 2,328.16; parsed wrong values ranged from GBP 0.00 to GBP 3,061.80. Common patterns: the model calculation or policy interpretation; annualization or period assumptions; state or local policy rules; thresholds, brackets, or rates."
uk,scenario_019,income_tax,12,12,llm_error,taxable_income_or_deductions,"Grouped audit: 12/12 models did not receive full credit for this income_tax case. Wrong responses were 9 over, 3 under relative to the reference GBP 5,243.09; parsed wrong values ranged from GBP 4,446.50 to GBP 6,598.00. Common patterns: taxable-income or deduction assumptions."
uk,scenario_019,national_insurance,12,12,llm_error,asset_resource;taxable_income_or_deductions;thresholds_rates,"Grouped audit: 12/12 models did not receive full credit for this national_insurance case. Wrong responses were 4 over, 8 under relative to the reference GBP 2,504.77; parsed wrong values ranged from GBP 2,224.00 to GBP 4,248.82. Common patterns: asset or resource limits; taxable-income or deduction assumptions; thresholds, brackets, or rates."
uk,scenario_019,pip,2,12,llm_error,taxable_income_or_deductions;thresholds_rates,"Grouped audit: 2/12 models did not receive full credit for this pip case. Wrong responses were 2 over relative to the reference GBP 0.00; parsed wrong values ranged from GBP 4,600.00 to GBP 5,361.20. Common patterns: taxable-income or deduction assumptions; thresholds, brackets, or rates."
uk,scenario_019,universal_credit,12,12,llm_error,credit_phaseout;taxable_income_or_deductions;thresholds_rates,"Grouped audit: 12/12 models did not receive full credit for this universal_credit case. Wrong responses were 1 over, 11 under relative to the reference GBP 11,634.64; parsed wrong values ranged from GBP 0.00 to GBP 11,870.64. Common patterns: credit or phaseout treatment; taxable-income or deduction assumptions; thresholds, brackets, or rates."
uk,scenario_020,child_benefit,12,12,llm_error,other;period_annualization;thresholds_rates,"Grouped audit: 12/12 models did not receive full credit for this child_benefit case. Wrong responses were 2 over, 10 under relative to the reference GBP 2,328.16; parsed wrong values ranged from GBP 2,212.60 to GBP 3,374.00. Common patterns: the model calculation or policy interpretation; annualization or period assumptions; thresholds, brackets, or rates."
uk,scenario_020,income_tax,12,12,llm_error,taxable_income_or_deductions,"Grouped audit: 12/12 models did not receive full credit for this income_tax case. Wrong responses were 1 over, 11 under relative to the reference GBP 4,687.15; parsed wrong values ranged from GBP 0.00 to GBP 4,811.00. Common patterns: taxable-income or deduction assumptions."
uk,scenario_020,national_insurance,12,12,llm_error,age_disability;payroll_tax_base;taxable_income_or_deductions;thresholds_rates,"Grouped audit: 12/12 models did not receive full credit for this national_insurance case. Wrong responses were 4 over, 8 under relative to the reference GBP 2,057.59; parsed wrong values ranged from GBP 1,480.20 to GBP 3,808.00. Common patterns: age or disability treatment; payroll or contribution tax base; taxable-income or deduction assumptions; thresholds, brackets, or rates."
uk,scenario_020,universal_credit,12,12,llm_error,credit_phaseout;taxable_income_or_deductions,"Grouped audit: 12/12 models did not receive full credit for this universal_credit case. Wrong responses were 1 over, 11 under relative to the reference GBP 12,331.40; parsed wrong values ranged from GBP 0.00 to GBP 13,204.00. Common patterns: credit or phaseout treatment; taxable-income or deduction assumptions."
uk,scenario_021,income_tax,12,12,llm_error,taxable_income_or_deductions,"Grouped audit: 12/12 models did not receive full credit for this income_tax case. Wrong responses were 1 over, 11 under relative to the reference GBP 362.44; parsed wrong values ranged from GBP 0.00 to GBP 412.50. Common patterns: taxable-income or deduction assumptions."
uk,scenario_021,pension_credit,12,12,llm_error,asset_resource;credit_phaseout;taxable_income_or_deductions;thresholds_rates,"Grouped audit: 12/12 models did not receive full credit for this pension_credit case. Wrong responses were 1 over, 11 under relative to the reference GBP 6,466.87; parsed wrong values ranged from GBP 0.00 to GBP 11,333.36. Common patterns: asset or resource limits; credit or phaseout treatment; taxable-income or deduction assumptions; thresholds, brackets, or rates."
uk,scenario_022,income_tax,12,12,llm_error,other;taxable_income_or_deductions,"Grouped audit: 12/12 models did not receive full credit for this income_tax case. Wrong responses were 7 over, 5 under relative to the reference GBP 6,858.21; parsed wrong values ranged from GBP 3,475.20 to GBP 9,753.00. Common patterns: the model calculation or policy interpretation; taxable-income or deduction assumptions."
uk,scenario_022,national_insurance,12,12,llm_error,age_disability;other;thresholds_rates,"Grouped audit: 12/12 models did not receive full credit for this national_insurance case. Wrong responses were 5 over, 7 under relative to the reference GBP 2,880.17; parsed wrong values ranged from GBP 2,269.84 to GBP 5,452.00. Common patterns: age or disability treatment; the model calculation or policy interpretation; thresholds, brackets, or rates."
uk,scenario_023,capital_gains_tax,12,12,llm_error,period_annualization;taxable_income_or_deductions;thresholds_rates,"Grouped audit: 12/12 models did not receive full credit for this capital_gains_tax case. Wrong responses were 1 over, 11 under relative to the reference GBP 54,131.43; parsed wrong values ranged from GBP 0.00 to GBP 58,349.00. Common patterns: annualization or period assumptions; taxable-income or deduction assumptions; thresholds, brackets, or rates."
uk,scenario_023,child_benefit,12,12,llm_error,other;thresholds_rates,"Grouped audit: 12/12 models did not receive full credit for this child_benefit case. Wrong responses were 3 over, 9 under relative to the reference GBP 2,328.16; parsed wrong values ranged from GBP 0.00 to GBP 2,449.00. Common patterns: the model calculation or policy interpretation; thresholds, brackets, or rates."
uk,scenario_023,income_tax,12,12,llm_error,taxable_income_or_deductions,"Grouped audit: 12/12 models did not receive full credit for this income_tax case. Wrong responses were 2 over, 10 under relative to the reference GBP 6,639.27; parsed wrong values ranged from GBP 0.00 to GBP 42,749.00. Common patterns: taxable-income or deduction assumptions."
uk,scenario_024,pension_credit,4,12,llm_error,credit_phaseout,"Grouped audit: 4/12 models did not receive full credit for this pension_credit case. Wrong responses were 4 over relative to the reference GBP 0.00; parsed wrong values ranged from GBP 3,500.00 to GBP 24,208.20. Common patterns: credit or phaseout treatment."
uk,scenario_024,pip,1,12,llm_error,age_disability,"Grouped audit: 1/12 models did not receive full credit for this pip case. Wrong responses were 1 over relative to the reference GBP 0.00; parsed wrong values were GBP 5,272.80. Common patterns: age or disability treatment."
uk,scenario_025,child_benefit,12,12,llm_error,age_disability;categorical_eligibility;other;taxable_income_or_deductions;thresholds_rates,"Grouped audit: 12/12 models did not receive full credit for this child_benefit case. Wrong responses were 1 over, 11 under relative to the reference GBP 1,400.66; parsed wrong values ranged from GBP 0.00 to GBP 1,479.00. Common patterns: age or disability treatment; categorical eligibility; the model calculation or policy interpretation; taxable-income or deduction assumptions."
uk,scenario_025,income_tax,12,12,llm_error,taxable_income_or_deductions,"Grouped audit: 12/12 models did not receive full credit for this income_tax case. Wrong responses were 12 under relative to the reference GBP 12,903.89; parsed wrong values ranged from GBP 7,180.40 to GBP 11,967.00. Common patterns: taxable-income or deduction assumptions."
uk,scenario_025,national_insurance,12,12,llm_error,other;taxable_income_or_deductions;thresholds_rates,"Grouped audit: 12/12 models did not receive full credit for this national_insurance case. Wrong responses were 5 over, 7 under relative to the reference GBP 3,297.68; parsed wrong values ranged from GBP 3,255.00 to GBP 5,735.00. Common patterns: the model calculation or policy interpretation; taxable-income or deduction assumptions; thresholds, brackets, or rates."
uk,scenario_026,child_benefit,12,12,llm_error,age_disability;other;period_annualization;thresholds_rates,"Grouped audit: 12/12 models did not receive full credit for this child_benefit case. Wrong responses were 3 over, 9 under relative to the reference GBP 2,328.16; parsed wrong values ranged from GBP 1,898.80 to GBP 2,548.80. Common patterns: age or disability treatment; the model calculation or policy interpretation; annualization or period assumptions; thresholds, brackets, or rates."
uk,scenario_026,income_tax,12,12,llm_error,taxable_income_or_deductions,"Grouped audit: 12/12 models did not receive full credit for this income_tax case. Wrong responses were 1 over, 11 under relative to the reference GBP 49,352.77; parsed wrong values ranged from GBP 13,089.78 to GBP 56,934.35. Common patterns: taxable-income or deduction assumptions."
uk,scenario_026,national_insurance,12,12,llm_error,taxable_income_or_deductions;thresholds_rates,"Grouped audit: 12/12 models did not receive full credit for this national_insurance case. Wrong responses were 9 over, 3 under relative to the reference GBP 5,406.23; parsed wrong values ranged from GBP 4,357.60 to GBP 17,522.00. Common patterns: taxable-income or deduction assumptions; thresholds, brackets, or rates."
uk,scenario_027,child_benefit,12,12,llm_error,age_disability;period_annualization;thresholds_rates,"Grouped audit: 12/12 models did not receive full credit for this child_benefit case. Wrong responses were 2 over, 10 under relative to the reference GBP 1,400.66; parsed wrong values ranged from GBP 1,152.00 to GBP 1,739.04. Common patterns: age or disability treatment; annualization or period assumptions; thresholds, brackets, or rates."
uk,scenario_027,income_tax,12,12,llm_error,taxable_income_or_deductions,"Grouped audit: 12/12 models did not receive full credit for this income_tax case. Wrong responses were 7 over, 5 under relative to the reference GBP 1,943.15; parsed wrong values ranged from GBP 0.00 to GBP 2,054.40. Common patterns: taxable-income or deduction assumptions."
uk,scenario_027,national_insurance,12,12,llm_error,other;taxable_income_or_deductions;thresholds_rates,"Grouped audit: 12/12 models did not receive full credit for this national_insurance case. Wrong responses were 5 over, 7 under relative to the reference GBP 878.06; parsed wrong values ranged from GBP 816.00 to GBP 2,013.60. Common patterns: the model calculation or policy interpretation; taxable-income or deduction assumptions; thresholds, brackets, or rates."
uk,scenario_027,universal_credit,12,12,llm_error,credit_phaseout;taxable_income_or_deductions,"Grouped audit: 12/12 models did not receive full credit for this universal_credit case. Wrong responses were 1 over, 11 under relative to the reference GBP 10,343.73; parsed wrong values ranged from GBP 0.00 to GBP 10,962.00. Common patterns: credit or phaseout treatment; taxable-income or deduction assumptions."
uk,scenario_028,income_tax,12,12,llm_error,taxable_income_or_deductions,"Grouped audit: 12/12 models did not receive full credit for this income_tax case. Wrong responses were 4 over, 8 under relative to the reference GBP 6,502.60; parsed wrong values ranged from GBP 3,035.00 to GBP 7,578.40. Common patterns: taxable-income or deduction assumptions."
uk,scenario_028,national_insurance,12,12,llm_error,other;taxable_income_or_deductions;thresholds_rates,"Grouped audit: 12/12 models did not receive full credit for this national_insurance case. Wrong responses were 3 over, 9 under relative to the reference GBP 3,006.39; parsed wrong values ranged from GBP 2,420.88 to GBP 4,611.00. Common patterns: the model calculation or policy interpretation; taxable-income or deduction assumptions; thresholds, brackets, or rates."
uk,scenario_029,income_tax,12,12,llm_error,asset_resource;taxable_income_or_deductions,"Grouped audit: 12/12 models did not receive full credit for this income_tax case. Wrong responses were 6 over, 6 under relative to the reference GBP 588.41; parsed wrong values ranged from GBP 0.00 to GBP 1,827.60. Common patterns: asset or resource limits; taxable-income or deduction assumptions."
uk,scenario_030,child_benefit,12,12,llm_error,age_disability;categorical_eligibility;thresholds_rates,"Grouped audit: 12/12 models did not receive full credit for this child_benefit case. Wrong responses were 2 over, 10 under relative to the reference GBP 1,400.66; parsed wrong values ranged from GBP 1,055.40 to GBP 1,465.80. Common patterns: age or disability treatment; categorical eligibility; thresholds, brackets, or rates."
uk,scenario_030,income_tax,12,12,llm_error,taxable_income_or_deductions,"Grouped audit: 12/12 models did not receive full credit for this income_tax case. Wrong responses were 8 over, 4 under relative to the reference GBP 3,701.91; parsed wrong values ranged from GBP 416.40 to GBP 4,084.00. Common patterns: taxable-income or deduction assumptions."
uk,scenario_030,national_insurance,12,12,llm_error,other;taxable_income_or_deductions;thresholds_rates,"Grouped audit: 12/12 models did not receive full credit for this national_insurance case. Wrong responses were 4 over, 8 under relative to the reference GBP 1,722.21; parsed wrong values ranged from GBP 1,472.48 to GBP 3,083.22. Common patterns: the model calculation or policy interpretation; taxable-income or deduction assumptions; thresholds, brackets, or rates."
uk,scenario_031,income_tax,1,12,llm_error,taxable_income_or_deductions,Grouped audit: 1/12 models did not receive full credit for this income_tax case. Wrong responses were 1 over relative to the reference GBP 0.00; parsed wrong values were GBP 61.65. Common patterns: taxable-income or deduction assumptions.
uk,scenario_031,universal_credit,12,12,llm_error,credit_phaseout;taxable_income_or_deductions,"Grouped audit: 12/12 models did not receive full credit for this universal_credit case. Wrong responses were 5 over, 7 under relative to the reference GBP 12,585.88; parsed wrong values ranged from GBP 0.00 to GBP 15,361.00. Common patterns: credit or phaseout treatment; taxable-income or deduction assumptions."
uk,scenario_032,income_tax,1,12,llm_error,taxable_income_or_deductions,Grouped audit: 1/12 models did not receive full credit for this income_tax case. Wrong responses were 1 over relative to the reference GBP 0.00; parsed wrong values were GBP 258.00. Common patterns: taxable-income or deduction assumptions.
uk,scenario_032,national_insurance,2,12,llm_error,thresholds_rates,"Grouped audit: 2/12 models did not receive full credit for this national_insurance case. Wrong responses were 2 over relative to the reference GBP 0.00; parsed wrong values ranged from GBP 287.00 to GBP 768.18. Common patterns: thresholds, brackets, or rates."
uk,scenario_032,universal_credit,3,12,llm_error,taxable_income_or_deductions,"Grouped audit: 3/12 models did not receive full credit for this universal_credit case. Wrong responses were 3 over relative to the reference GBP 0.00; parsed wrong values ranged from GBP 2,942.24 to GBP 5,494.32. Common patterns: taxable-income or deduction assumptions."
uk,scenario_033,child_benefit,12,12,llm_error,credit_phaseout;period_annualization;thresholds_rates,"Grouped audit: 12/12 models did not receive full credit for this child_benefit case. Wrong responses were 3 over, 9 under relative to the reference GBP 5,110.65; parsed wrong values ranged from GBP 1,534.12 to GBP 8,682.00. Common patterns: credit or phaseout treatment; annualization or period assumptions; thresholds, brackets, or rates."
uk,scenario_033,income_tax,12,12,llm_error,taxable_income_or_deductions,"Grouped audit: 12/12 models did not receive full credit for this income_tax case. Wrong responses were 8 over, 4 under relative to the reference GBP 2,413.72; parsed wrong values ranged from GBP 0.00 to GBP 2,495.40. Common patterns: taxable-income or deduction assumptions."
uk,scenario_033,national_insurance,12,12,llm_error,thresholds_rates,"Grouped audit: 12/12 models did not receive full credit for this national_insurance case. Wrong responses were 3 over, 9 under relative to the reference GBP 1,066.29; parsed wrong values ranged from GBP 830.80 to GBP 2,659.00. Common patterns: thresholds, brackets, or rates."
uk,scenario_033,universal_credit,12,12,llm_error,credit_phaseout;other;taxable_income_or_deductions,"Grouped audit: 12/12 models did not receive full credit for this universal_credit case. Wrong responses were 1 over, 11 under relative to the reference GBP 18,476.32; parsed wrong values ranged from GBP 0.00 to GBP 21,876.48. Common patterns: credit or phaseout treatment; the model calculation or policy interpretation; taxable-income or deduction assumptions."
uk,scenario_034,capital_gains_tax,12,12,llm_error,asset_resource;taxable_income_or_deductions;thresholds_rates,"Grouped audit: 12/12 models did not receive full credit for this capital_gains_tax case. Wrong responses were 1 over, 11 under relative to the reference GBP 584.87; parsed wrong values ranged from GBP 0.00 to GBP 3,024.00. Common patterns: asset or resource limits; taxable-income or deduction assumptions; thresholds, brackets, or rates."
uk,scenario_034,income_tax,12,12,llm_error,taxable_income_or_deductions,"Grouped audit: 12/12 models did not receive full credit for this income_tax case. Wrong responses were 4 over, 8 under relative to the reference GBP 413.06; parsed wrong values ranged from GBP 0.00 to GBP 2,487.00. Common patterns: taxable-income or deduction assumptions."
uk,scenario_034,national_insurance,1,12,llm_error,thresholds_rates,"Grouped audit: 1/12 models did not receive full credit for this national_insurance case. Wrong responses were 1 over relative to the reference GBP 0.00; parsed wrong values were GBP 286.92. Common patterns: thresholds, brackets, or rates."
uk,scenario_035,income_tax,12,12,llm_error,taxable_income_or_deductions,"Grouped audit: 12/12 models did not receive full credit for this income_tax case. Wrong responses were 12 under relative to the reference GBP 18,246.77; parsed wrong values ranged from GBP 0.00 to GBP 17,810.00. Common patterns: taxable-income or deduction assumptions."
uk,scenario_035,national_insurance,3,12,llm_error,other;payroll_tax_base;thresholds_rates,"Grouped audit: 3/12 models did not receive full credit for this national_insurance case. Wrong responses were 3 over relative to the reference GBP 0.00; parsed wrong values ranged from GBP 2,257.80 to GBP 2,684.00. Common patterns: the model calculation or policy interpretation; payroll or contribution tax base; thresholds, brackets, or rates."
uk,scenario_036,child_benefit,12,12,llm_error,age_disability;categorical_eligibility;thresholds_rates,"Grouped audit: 12/12 models did not receive full credit for this child_benefit case. Wrong responses were 2 over, 10 under relative to the reference GBP 1,400.66; parsed wrong values ranged from GBP 476.40 to GBP 1,457.60. Common patterns: age or disability treatment; categorical eligibility; thresholds, brackets, or rates."
uk,scenario_036,income_tax,12,12,llm_error,taxable_income_or_deductions,"Grouped audit: 12/12 models did not receive full credit for this income_tax case. Wrong responses were 12 under relative to the reference GBP 2,508.76; parsed wrong values ranged from GBP 0.00 to GBP 2,357.60. Common patterns: taxable-income or deduction assumptions."
uk,scenario_036,national_insurance,12,12,llm_error,other;thresholds_rates,"Grouped audit: 12/12 models did not receive full credit for this national_insurance case. Wrong responses were 6 over, 6 under relative to the reference GBP 1,003.51; parsed wrong values ranged from GBP 934.00 to GBP 1,780.88. Common patterns: the model calculation or policy interpretation; thresholds, brackets, or rates."
uk,scenario_036,universal_credit,12,12,llm_error,categorical_eligibility;credit_phaseout;taxable_income_or_deductions;thresholds_rates,"Grouped audit: 12/12 models did not receive full credit for this universal_credit case. Wrong responses were 12 under relative to the reference GBP 2,072.50; parsed wrong values ranged from GBP 0.00 to GBP 1,064.40. Common patterns: categorical eligibility; credit or phaseout treatment; taxable-income or deduction assumptions; thresholds, brackets, or rates."
uk,scenario_037,income_tax,12,12,llm_error,taxable_income_or_deductions,"Grouped audit: 12/12 models did not receive full credit for this income_tax case. Wrong responses were 8 over, 4 under relative to the reference GBP 6,054.63; parsed wrong values ranged from GBP 3,227.00 to GBP 7,256.00. Common patterns: taxable-income or deduction assumptions."
uk,scenario_038,income_tax,1,12,llm_error,taxable_income_or_deductions,Grouped audit: 1/12 models did not receive full credit for this income_tax case. Wrong responses were 1 over relative to the reference GBP 0.00; parsed wrong values were GBP 188.00. Common patterns: taxable-income or deduction assumptions.
uk,scenario_038,national_insurance,2,12,llm_error,thresholds_rates,"Grouped audit: 2/12 models did not receive full credit for this national_insurance case. Wrong responses were 2 over relative to the reference GBP 0.00; parsed wrong values ranged from GBP 662.00 to GBP 683.28. Common patterns: thresholds, brackets, or rates."
uk,scenario_038,pension_credit,12,12,llm_error,credit_phaseout;taxable_income_or_deductions,"Grouped audit: 12/12 models did not receive full credit for this pension_credit case. Wrong responses were 1 over, 11 under relative to the reference GBP 9,914.57; parsed wrong values ranged from GBP 0.00 to GBP 15,467.60. Common patterns: credit or phaseout treatment; taxable-income or deduction assumptions."
uk,scenario_038,universal_credit,12,12,llm_error,categorical_eligibility;credit_phaseout;taxable_income_or_deductions,"Grouped audit: 12/12 models did not receive full credit for this universal_credit case. Wrong responses were 2 over, 10 under relative to the reference GBP 3,833.54; parsed wrong values ranged from GBP 0.00 to GBP 10,946.04. Common patterns: categorical eligibility; credit or phaseout treatment; taxable-income or deduction assumptions."
uk,scenario_039,income_tax,12,12,llm_error,taxable_income_or_deductions,"Grouped audit: 12/12 models did not receive full credit for this income_tax case. Wrong responses were 12 under relative to the reference GBP 2,042.38; parsed wrong values ranged from GBP 0.00 to GBP 1,976.00. Common patterns: taxable-income or deduction assumptions."
uk,scenario_039,national_insurance,4,12,llm_error,taxable_income_or_deductions;thresholds_rates,"Grouped audit: 4/12 models did not receive full credit for this national_insurance case. Wrong responses were 4 over relative to the reference GBP 0.00; parsed wrong values ranged from GBP 686.00 to GBP 2,476.00. Common patterns: taxable-income or deduction assumptions; thresholds, brackets, or rates."
uk,scenario_040,income_tax,12,12,llm_error,taxable_income_or_deductions;thresholds_rates,"Grouped audit: 12/12 models did not receive full credit for this income_tax case. Wrong responses were 12 under relative to the reference GBP 8,090.48; parsed wrong values ranged from GBP 0.00 to GBP 7,894.00. Common patterns: taxable-income or deduction assumptions; thresholds, brackets, or rates."
uk,scenario_040,national_insurance,12,12,llm_error,age_disability;other;payroll_tax_base;thresholds_rates,"Grouped audit: 12/12 models did not receive full credit for this national_insurance case. Wrong responses were 5 over, 7 under relative to the reference GBP 2,820.01; parsed wrong values ranged from GBP 0.00 to GBP 4,767.04. Common patterns: age or disability treatment; the model calculation or policy interpretation; payroll or contribution tax base; thresholds, brackets, or rates."
uk,scenario_041,capital_gains_tax,12,12,llm_error,other;taxable_income_or_deductions;thresholds_rates,"Grouped audit: 12/12 models did not receive full credit for this capital_gains_tax case. Wrong responses were 2 over, 10 under relative to the reference GBP 6,925.94; parsed wrong values ranged from GBP 3,150.00 to GBP 10,479.00. Common patterns: the model calculation or policy interpretation; taxable-income or deduction assumptions; thresholds, brackets, or rates."
uk,scenario_041,income_tax,12,12,llm_error,taxable_income_or_deductions;thresholds_rates,"Grouped audit: 12/12 models did not receive full credit for this income_tax case. Wrong responses were 2 over, 10 under relative to the reference GBP 16,620.71; parsed wrong values ranged from GBP 11,340.00 to GBP 30,073.00. Common patterns: taxable-income or deduction assumptions; thresholds, brackets, or rates."
uk,scenario_041,national_insurance,12,12,llm_error,age_disability;other;taxable_income_or_deductions;thresholds_rates,"Grouped audit: 12/12 models did not receive full credit for this national_insurance case. Wrong responses were 7 over, 5 under relative to the reference GBP 3,580.33; parsed wrong values ranged from GBP 0.00 to GBP 6,393.52. Common patterns: age or disability treatment; the model calculation or policy interpretation; taxable-income or deduction assumptions; thresholds, brackets, or rates."
uk,scenario_042,income_tax,12,12,llm_error,taxable_income_or_deductions,"Grouped audit: 12/12 models did not receive full credit for this income_tax case. Wrong responses were 1 over, 11 under relative to the reference GBP 634.90; parsed wrong values ranged from GBP 0.00 to GBP 996.31. Common patterns: taxable-income or deduction assumptions."
uk,scenario_042,national_insurance,12,12,llm_error,taxable_income_or_deductions;thresholds_rates,"Grouped audit: 12/12 models did not receive full credit for this national_insurance case. Wrong responses were 4 over, 8 under relative to the reference GBP 253.96; parsed wrong values ranged from GBP 0.00 to GBP 1,342.68. Common patterns: taxable-income or deduction assumptions; thresholds, brackets, or rates."
uk,scenario_043,child_benefit,12,12,llm_error,categorical_eligibility;period_annualization;thresholds_rates,"Grouped audit: 12/12 models did not receive full credit for this child_benefit case. Wrong responses were 3 over, 9 under relative to the reference GBP 1,400.66; parsed wrong values ranged from GBP 1,255.00 to GBP 2,623.00. Common patterns: categorical eligibility; annualization or period assumptions; thresholds, brackets, or rates."
uk,scenario_043,income_tax,12,12,llm_error,taxable_income_or_deductions,"Grouped audit: 12/12 models did not receive full credit for this income_tax case. Wrong responses were 3 over, 9 under relative to the reference GBP 29,781.26; parsed wrong values ranged from GBP 15,272.00 to GBP 39,240.00. Common patterns: taxable-income or deduction assumptions."
uk,scenario_043,national_insurance,12,12,llm_error,age_disability;other;payroll_tax_base;taxable_income_or_deductions;thresholds_rates,"Grouped audit: 12/12 models did not receive full credit for this national_insurance case. Wrong responses were 5 over, 7 under relative to the reference GBP 7,160.43; parsed wrong values ranged from GBP 6,642.00 to GBP 14,435.00. Common patterns: age or disability treatment; the model calculation or policy interpretation; payroll or contribution tax base; taxable-income or deduction assumptions."
uk,scenario_044,capital_gains_tax,12,12,llm_error,taxable_income_or_deductions;thresholds_rates,"Grouped audit: 12/12 models did not receive full credit for this capital_gains_tax case. Wrong responses were 1 over, 11 under relative to the reference GBP 1,766.18; parsed wrong values ranged from GBP 1,043.00 to GBP 3,091.08. Common patterns: taxable-income or deduction assumptions; thresholds, brackets, or rates."
uk,scenario_044,income_tax,12,12,llm_error,taxable_income_or_deductions,"Grouped audit: 12/12 models did not receive full credit for this income_tax case. Wrong responses were 1 over, 11 under relative to the reference GBP 45,330.67; parsed wrong values ranged from GBP 16,149.96 to GBP 46,153.25. Common patterns: taxable-income or deduction assumptions."
uk,scenario_044,national_insurance,12,12,llm_error,age_disability;other;taxable_income_or_deductions;thresholds_rates,"Grouped audit: 12/12 models did not receive full credit for this national_insurance case. Wrong responses were 6 over, 6 under relative to the reference GBP 6,490.38; parsed wrong values ranged from GBP 4,797.00 to GBP 10,142.50. Common patterns: age or disability treatment; the model calculation or policy interpretation; taxable-income or deduction assumptions; thresholds, brackets, or rates."
uk,scenario_046,child_benefit,12,12,llm_error,period_annualization;thresholds_rates,"Grouped audit: 12/12 models did not receive full credit for this child_benefit case. Wrong responses were 2 over, 10 under relative to the reference GBP 3,255.65; parsed wrong values ranged from GBP 713.00 to GBP 3,342.00. Common patterns: annualization or period assumptions; thresholds, brackets, or rates."
uk,scenario_046,income_tax,12,12,llm_error,other;taxable_income_or_deductions,"Grouped audit: 12/12 models did not receive full credit for this income_tax case. Wrong responses were 1 over, 11 under relative to the reference GBP 1,878.29; parsed wrong values ranged from GBP 0.00 to GBP 2,642.40. Common patterns: the model calculation or policy interpretation; taxable-income or deduction assumptions."
uk,scenario_046,national_insurance,12,12,llm_error,other;payroll_tax_base;taxable_income_or_deductions;thresholds_rates,"Grouped audit: 12/12 models did not receive full credit for this national_insurance case. Wrong responses were 4 over, 8 under relative to the reference GBP 751.32; parsed wrong values ranged from GBP 0.00 to GBP 2,151.44. Common patterns: the model calculation or policy interpretation; payroll or contribution tax base; taxable-income or deduction assumptions; thresholds, brackets, or rates."
uk,scenario_046,universal_credit,5,12,llm_error,taxable_income_or_deductions,"Grouped audit: 5/12 models did not receive full credit for this universal_credit case. Wrong responses were 5 over relative to the reference GBP 0.00; parsed wrong values ranged from GBP 3,120.44 to GBP 12,393.84. Common patterns: taxable-income or deduction assumptions."
uk,scenario_047,income_tax,12,12,llm_error,taxable_income_or_deductions,Grouped audit: 12/12 models did not receive full credit for this income_tax case. Wrong responses were 12 under relative to the reference GBP 275.69; parsed wrong values ranged from GBP 0.00 to GBP 200.60. Common patterns: taxable-income or deduction assumptions.
uk,scenario_047,pip,1,12,llm_error,thresholds_rates,"Grouped audit: 1/12 models did not receive full credit for this pip case. Wrong responses were 1 over relative to the reference GBP 0.00; parsed wrong values were GBP 3,986.80. Common patterns: thresholds, brackets, or rates."
uk,scenario_049,income_tax,12,12,llm_error,taxable_income_or_deductions,"Grouped audit: 12/12 models did not receive full credit for this income_tax case. Wrong responses were 4 over, 8 under relative to the reference GBP 19,003.62; parsed wrong values ranged from GBP 10,931.00 to GBP 24,023.00. Common patterns: taxable-income or deduction assumptions."
uk,scenario_049,national_insurance,12,12,llm_error,other;taxable_income_or_deductions;thresholds_rates,"Grouped audit: 12/12 models did not receive full credit for this national_insurance case. Wrong responses were 5 over, 7 under relative to the reference GBP 5,284.99; parsed wrong values ranged from GBP 4,192.48 to GBP 8,434.00. Common patterns: the model calculation or policy interpretation; taxable-income or deduction assumptions; thresholds, brackets, or rates."
uk,scenario_050,income_tax,12,12,llm_error,taxable_income_or_deductions,"Grouped audit: 12/12 models did not receive full credit for this income_tax case. Wrong responses were 12 under relative to the reference GBP 34,489.38; parsed wrong values ranged from GBP 24,045.20 to GBP 34,387.00. Common patterns: taxable-income or deduction assumptions."
uk,scenario_051,income_tax,12,12,llm_error,taxable_income_or_deductions;thresholds_rates,"Grouped audit: 12/12 models did not receive full credit for this income_tax case. Wrong responses were 1 over, 11 under relative to the reference GBP 15,092.70; parsed wrong values ranged from GBP 0.00 to GBP 15,833.00. Common patterns: taxable-income or deduction assumptions; thresholds, brackets, or rates."
uk,scenario_052,income_tax,12,12,llm_error,taxable_income_or_deductions,"Grouped audit: 12/12 models did not receive full credit for this income_tax case. Wrong responses were 6 over, 6 under relative to the reference GBP 121.93; parsed wrong values ranged from GBP 0.00 to GBP 279.00. Common patterns: taxable-income or deduction assumptions."
uk,scenario_052,national_insurance,12,12,llm_error,thresholds_rates,"Grouped audit: 12/12 models did not receive full credit for this national_insurance case. Wrong responses were 2 over, 10 under relative to the reference GBP 149.58; parsed wrong values ranged from GBP 0.00 to GBP 1,041.55. Common patterns: thresholds, brackets, or rates."
uk,scenario_052,universal_credit,1,12,llm_error,taxable_income_or_deductions,"Grouped audit: 1/12 models did not receive full credit for this universal_credit case. Wrong responses were 1 over relative to the reference GBP 0.00; parsed wrong values were GBP 16,227.36. Common patterns: taxable-income or deduction assumptions."
uk,scenario_053,income_tax,12,12,llm_error,taxable_income_or_deductions,"Grouped audit: 12/12 models did not receive full credit for this income_tax case. Wrong responses were 12 under relative to the reference GBP 9,157.54; parsed wrong values ranged from GBP 3,240.00 to GBP 7,578.80. Common patterns: taxable-income or deduction assumptions."
uk,scenario_053,national_insurance,2,12,llm_error,thresholds_rates,"Grouped audit: 2/12 models did not receive full credit for this national_insurance case. Wrong responses were 2 over relative to the reference GBP 0.00; parsed wrong values ranged from GBP 1,413.72 to GBP 4,796.00. Common patterns: thresholds, brackets, or rates."
uk,scenario_054,universal_credit,4,12,llm_error,taxable_income_or_deductions,"Grouped audit: 4/12 models did not receive full credit for this universal_credit case. Wrong responses were 4 over relative to the reference GBP 0.00; parsed wrong values ranged from GBP 4,542.00 to GBP 12,603.36. Common patterns: taxable-income or deduction assumptions."
uk,scenario_055,income_tax,12,12,llm_error,taxable_income_or_deductions,Grouped audit: 12/12 models did not receive full credit for this income_tax case. Wrong responses were 12 under relative to the reference GBP 411.31; parsed wrong values ranged from GBP 0.00 to GBP 315.20. Common patterns: taxable-income or deduction assumptions.
uk,scenario_055,national_insurance,12,12,llm_error,taxable_income_or_deductions;thresholds_rates,"Grouped audit: 12/12 models did not receive full credit for this national_insurance case. Wrong responses were 4 over, 8 under relative to the reference GBP 164.53; parsed wrong values ranged from GBP 0.00 to GBP 1,846.00. Common patterns: taxable-income or deduction assumptions; thresholds, brackets, or rates."
uk,scenario_055,universal_credit,1,12,llm_error,credit_phaseout,"Grouped audit: 1/12 models did not receive full credit for this universal_credit case. Wrong responses were 1 over relative to the reference GBP 0.00; parsed wrong values were GBP 17,436.00. Common patterns: credit or phaseout treatment."
uk,scenario_056,child_benefit,12,12,llm_error,age_disability;other;thresholds_rates,"Grouped audit: 12/12 models did not receive full credit for this child_benefit case. Wrong responses were 3 over, 9 under relative to the reference GBP 1,400.66; parsed wrong values ranged from GBP 1,115.00 to GBP 2,460.00. Common patterns: age or disability treatment; the model calculation or policy interpretation; thresholds, brackets, or rates."
uk,scenario_056,income_tax,12,12,llm_error,taxable_income_or_deductions,"Grouped audit: 12/12 models did not receive full credit for this income_tax case. Wrong responses were 8 over, 4 under relative to the reference GBP 1,471.95; parsed wrong values ranged from GBP 0.00 to GBP 1,798.60. Common patterns: taxable-income or deduction assumptions."
uk,scenario_056,national_insurance,12,12,llm_error,taxable_income_or_deductions;thresholds_rates,"Grouped audit: 12/12 models did not receive full credit for this national_insurance case. Wrong responses were 2 over, 10 under relative to the reference GBP 689.58; parsed wrong values ranged from GBP 0.00 to GBP 1,630.94. Common patterns: taxable-income or deduction assumptions; thresholds, brackets, or rates."
uk,scenario_056,universal_credit,2,12,llm_error,taxable_income_or_deductions,"Grouped audit: 2/12 models did not receive full credit for this universal_credit case. Wrong responses were 2 over relative to the reference GBP 0.00; parsed wrong values ranged from GBP 7,320.00 to GBP 8,500.00. Common patterns: taxable-income or deduction assumptions."
uk,scenario_057,income_tax,12,12,llm_error,taxable_income_or_deductions,"Grouped audit: 12/12 models did not receive full credit for this income_tax case. Wrong responses were 1 over, 11 under relative to the reference GBP 16,667.19; parsed wrong values ranged from GBP 0.00 to GBP 25,407.00. Common patterns: taxable-income or deduction assumptions."
uk,scenario_057,national_insurance,12,12,llm_error,other;taxable_income_or_deductions;thresholds_rates,"Grouped audit: 12/12 models did not receive full credit for this national_insurance case. Wrong responses were 4 over, 8 under relative to the reference GBP 3,861.54; parsed wrong values ranged from GBP 0.00 to GBP 14,917.00. Common patterns: the model calculation or policy interpretation; taxable-income or deduction assumptions; thresholds, brackets, or rates."
uk,scenario_058,income_tax,12,12,llm_error,taxable_income_or_deductions,"Grouped audit: 12/12 models did not receive full credit for this income_tax case. Wrong responses were 7 over, 5 under relative to the reference GBP 5,112.53; parsed wrong values ranged from GBP 3,329.00 to GBP 5,647.00. Common patterns: taxable-income or deduction assumptions."
uk,scenario_058,national_insurance,12,12,llm_error,taxable_income_or_deductions;thresholds_rates,"Grouped audit: 12/12 models did not receive full credit for this national_insurance case. Wrong responses were 6 over, 6 under relative to the reference GBP 2,259.20; parsed wrong values ranged from GBP 2,008.00 to GBP 3,697.08. Common patterns: taxable-income or deduction assumptions; thresholds, brackets, or rates."
uk,scenario_059,income_tax,12,12,llm_error,taxable_income_or_deductions,"Grouped audit: 12/12 models did not receive full credit for this income_tax case. Wrong responses were 1 over, 11 under relative to the reference GBP 8,190.54; parsed wrong values ranged from GBP 1,286.00 to GBP 8,858.00. Common patterns: taxable-income or deduction assumptions."
uk,scenario_059,national_insurance,12,12,llm_error,taxable_income_or_deductions;thresholds_rates,"Grouped audit: 12/12 models did not receive full credit for this national_insurance case. Wrong responses were 3 over, 9 under relative to the reference GBP 3,276.22; parsed wrong values ranged from GBP 0.00 to GBP 4,897.68. Common patterns: taxable-income or deduction assumptions; thresholds, brackets, or rates."
uk,scenario_060,income_tax,3,12,llm_error,taxable_income_or_deductions,"Grouped audit: 3/12 models did not receive full credit for this income_tax case. Wrong responses were 3 over relative to the reference GBP 0.00; parsed wrong values ranged from GBP 29.00 to GBP 2,227.20. Common patterns: taxable-income or deduction assumptions."
uk,scenario_060,pension_credit,12,12,llm_error,credit_phaseout,"Grouped audit: 12/12 models did not receive full credit for this pension_credit case. Wrong responses were 1 over, 11 under relative to the reference GBP 2,256.44; parsed wrong values ranged from GBP 0.00 to GBP 2,449.20. Common patterns: credit or phaseout treatment."
uk,scenario_061,child_benefit,12,12,llm_error,other;thresholds_rates,"Grouped audit: 12/12 models did not receive full credit for this child_benefit case. Wrong responses were 5 over, 7 under relative to the reference GBP 2,328.16; parsed wrong values ranged from GBP 0.00 to GBP 2,615.60. Common patterns: the model calculation or policy interpretation; thresholds, brackets, or rates."
uk,scenario_061,pip,1,12,llm_error,taxable_income_or_deductions,"Grouped audit: 1/12 models did not receive full credit for this pip case. Wrong responses were 1 over relative to the reference GBP 0.00; parsed wrong values were GBP 3,948.20. Common patterns: taxable-income or deduction assumptions."
uk,scenario_061,universal_credit,12,12,llm_error,categorical_eligibility;credit_phaseout;taxable_income_or_deductions,"Grouped audit: 12/12 models did not receive full credit for this universal_credit case. Wrong responses were 12 under relative to the reference GBP 24,455.40; parsed wrong values ranged from GBP 0.00 to GBP 24,381.96. Common patterns: categorical eligibility; credit or phaseout treatment; taxable-income or deduction assumptions."
uk,scenario_062,universal_credit,12,12,llm_error,credit_phaseout;taxable_income_or_deductions;thresholds_rates,"Grouped audit: 12/12 models did not receive full credit for this universal_credit case. Wrong responses were 1 over, 11 under relative to the reference GBP 12,585.88; parsed wrong values ranged from GBP 0.00 to GBP 12,776.16. Common patterns: credit or phaseout treatment; taxable-income or deduction assumptions; thresholds, brackets, or rates."
uk,scenario_063,income_tax,12,12,llm_error,taxable_income_or_deductions,"Grouped audit: 12/12 models did not receive full credit for this income_tax case. Wrong responses were 1 over, 11 under relative to the reference GBP 2,082.05; parsed wrong values ranged from GBP 0.00 to GBP 2,464.00. Common patterns: taxable-income or deduction assumptions."
uk,scenario_063,national_insurance,2,12,llm_error,thresholds_rates,"Grouped audit: 2/12 models did not receive full credit for this national_insurance case. Wrong responses were 2 over relative to the reference GBP 0.00; parsed wrong values ranged from GBP 1,058.00 to GBP 2,568.00. Common patterns: thresholds, brackets, or rates."
uk,scenario_064,income_tax,12,12,llm_error,taxable_income_or_deductions,"Grouped audit: 12/12 models did not receive full credit for this income_tax case. Wrong responses were 2 over, 10 under relative to the reference GBP 1,480.55; parsed wrong values ranged from GBP 0.00 to GBP 3,422.00. Common patterns: taxable-income or deduction assumptions."
uk,scenario_065,income_tax,12,12,llm_error,taxable_income_or_deductions,"Grouped audit: 12/12 models did not receive full credit for this income_tax case. Wrong responses were 12 under relative to the reference GBP 5,334.06; parsed wrong values ranged from GBP 3,595.00 to GBP 5,088.00. Common patterns: taxable-income or deduction assumptions."
uk,scenario_065,national_insurance,12,12,llm_error,credit_phaseout;taxable_income_or_deductions;thresholds_rates,"Grouped audit: 12/12 models did not receive full credit for this national_insurance case. Wrong responses were 4 over, 8 under relative to the reference GBP 2,133.63; parsed wrong values ranged from GBP 2,029.60 to GBP 3,121.20. Common patterns: credit or phaseout treatment; taxable-income or deduction assumptions; thresholds, brackets, or rates."
uk,scenario_066,income_tax,12,12,llm_error,taxable_income_or_deductions,"Grouped audit: 12/12 models did not receive full credit for this income_tax case. Wrong responses were 2 over, 10 under relative to the reference GBP 3,871.00; parsed wrong values ranged from GBP 0.00 to GBP 6,867.20. Common patterns: taxable-income or deduction assumptions."
uk,scenario_066,national_insurance,1,12,llm_error,thresholds_rates,"Grouped audit: 1/12 models did not receive full credit for this national_insurance case. Wrong responses were 1 over relative to the reference GBP 0.00; parsed wrong values were GBP 167.00. Common patterns: thresholds, brackets, or rates."
uk,scenario_067,child_benefit,12,12,llm_error,age_disability;categorical_eligibility;other;period_annualization;thresholds_rates,"Grouped audit: 12/12 models did not receive full credit for this child_benefit case. Wrong responses were 2 over, 10 under relative to the reference GBP 1,400.66; parsed wrong values ranged from GBP 0.00 to GBP 1,752.00. Common patterns: age or disability treatment; categorical eligibility; the model calculation or policy interpretation; annualization or period assumptions."
uk,scenario_067,income_tax,12,12,llm_error,asset_resource;taxable_income_or_deductions,"Grouped audit: 12/12 models did not receive full credit for this income_tax case. Wrong responses were 1 over, 11 under relative to the reference GBP 4,091.45; parsed wrong values ranged from GBP 3,134.40 to GBP 4,340.92. Common patterns: asset or resource limits; taxable-income or deduction assumptions."
uk,scenario_067,national_insurance,12,12,llm_error,other;thresholds_rates,"Grouped audit: 12/12 models did not receive full credit for this national_insurance case. Wrong responses were 3 over, 9 under relative to the reference GBP 1,636.58; parsed wrong values ranged from GBP 1,412.35 to GBP 4,001.19. Common patterns: the model calculation or policy interpretation; thresholds, brackets, or rates."
uk,scenario_068,income_tax,12,12,llm_error,taxable_income_or_deductions,"Grouped audit: 12/12 models did not receive full credit for this income_tax case. Wrong responses were 2 over, 10 under relative to the reference GBP 12,480.20; parsed wrong values ranged from GBP 10,953.00 to GBP 13,419.00. Common patterns: taxable-income or deduction assumptions."
uk,scenario_068,national_insurance,12,12,llm_error,other;taxable_income_or_deductions;thresholds_rates,"Grouped audit: 12/12 models did not receive full credit for this national_insurance case. Wrong responses were 4 over, 8 under relative to the reference GBP 5,083.45; parsed wrong values ranged from GBP 4,753.32 to GBP 6,264.00. Common patterns: the model calculation or policy interpretation; taxable-income or deduction assumptions; thresholds, brackets, or rates."
uk,scenario_069,income_tax,12,12,llm_error,taxable_income_or_deductions,"Grouped audit: 12/12 models did not receive full credit for this income_tax case. Wrong responses were 9 over, 3 under relative to the reference GBP 841.67; parsed wrong values ranged from GBP 0.00 to GBP 5,354.20. Common patterns: taxable-income or deduction assumptions."
uk,scenario_069,national_insurance,12,12,llm_error,other;thresholds_rates,"Grouped audit: 12/12 models did not receive full credit for this national_insurance case. Wrong responses were 4 over, 8 under relative to the reference GBP 2,163.97; parsed wrong values ranged from GBP 376.00 to GBP 3,521.44. Common patterns: the model calculation or policy interpretation; thresholds, brackets, or rates."
uk,scenario_070,capital_gains_tax,1,12,llm_error,asset_resource,Grouped audit: 1/12 models did not receive full credit for this capital_gains_tax case. Wrong responses were 1 over relative to the reference GBP 0.00; parsed wrong values were GBP 7.00. Common patterns: asset or resource limits.
uk,scenario_070,child_benefit,12,12,llm_error,age_disability;categorical_eligibility;taxable_income_or_deductions;thresholds_rates,"Grouped audit: 12/12 models did not receive full credit for this child_benefit case. Wrong responses were 1 over, 11 under relative to the reference GBP 3,255.65; parsed wrong values ranged from GBP 1,849.24 to GBP 3,342.00. Common patterns: age or disability treatment; categorical eligibility; taxable-income or deduction assumptions; thresholds, brackets, or rates."
uk,scenario_070,income_tax,12,12,llm_error,taxable_income_or_deductions,"Grouped audit: 12/12 models did not receive full credit for this income_tax case. Wrong responses were 1 over, 11 under relative to the reference GBP 7,937.47; parsed wrong values ranged from GBP 3,872.00 to GBP 8,558.00. Common patterns: taxable-income or deduction assumptions."
uk,scenario_070,national_insurance,12,12,llm_error,thresholds_rates,"Grouped audit: 12/12 models did not receive full credit for this national_insurance case. Wrong responses were 5 over, 7 under relative to the reference GBP 3,030.85; parsed wrong values ranged from GBP 2,816.50 to GBP 5,530.62. Common patterns: thresholds, brackets, or rates."
uk,scenario_071,income_tax,12,12,llm_error,taxable_income_or_deductions,"Grouped audit: 12/12 models did not receive full credit for this income_tax case. Wrong responses were 12 under relative to the reference GBP 4,624.58; parsed wrong values ranged from GBP 2,810.00 to GBP 4,425.00. Common patterns: taxable-income or deduction assumptions."
uk,scenario_071,national_insurance,12,12,llm_error,other;taxable_income_or_deductions;thresholds_rates,"Grouped audit: 12/12 models did not receive full credit for this national_insurance case. Wrong responses were 3 over, 9 under relative to the reference GBP 1,841.45; parsed wrong values ranged from GBP 1,460.56 to GBP 2,934.00. Common patterns: the model calculation or policy interpretation; taxable-income or deduction assumptions; thresholds, brackets, or rates."
uk,scenario_072,income_tax,12,12,llm_error,taxable_income_or_deductions,"Grouped audit: 12/12 models did not receive full credit for this income_tax case. Wrong responses were 6 over, 6 under relative to the reference GBP 3,355.49; parsed wrong values ranged from GBP 1,098.00 to GBP 3,406.20. Common patterns: taxable-income or deduction assumptions."
uk,scenario_072,national_insurance,12,12,llm_error,other;taxable_income_or_deductions;thresholds_rates,"Grouped audit: 12/12 models did not receive full credit for this national_insurance case. Wrong responses were 6 over, 6 under relative to the reference GBP 1,443.00; parsed wrong values ranged from GBP 1,109.12 to GBP 3,582.00. Common patterns: the model calculation or policy interpretation; taxable-income or deduction assumptions; thresholds, brackets, or rates."
uk,scenario_073,child_benefit,12,12,llm_error,age_disability;other;period_annualization;thresholds_rates,"Grouped audit: 12/12 models did not receive full credit for this child_benefit case. Wrong responses were 1 over, 11 under relative to the reference GBP 2,328.16; parsed wrong values ranged from GBP 326.40 to GBP 2,449.20. Common patterns: age or disability treatment; the model calculation or policy interpretation; annualization or period assumptions; thresholds, brackets, or rates."
uk,scenario_073,income_tax,12,12,llm_error,taxable_income_or_deductions,"Grouped audit: 12/12 models did not receive full credit for this income_tax case. Wrong responses were 12 under relative to the reference GBP 5,017.52; parsed wrong values ranged from GBP 741.00 to GBP 4,687.20. Common patterns: taxable-income or deduction assumptions."
uk,scenario_073,national_insurance,12,12,llm_error,other;taxable_income_or_deductions;thresholds_rates,"Grouped audit: 12/12 models did not receive full credit for this national_insurance case. Wrong responses were 4 over, 8 under relative to the reference GBP 2,007.01; parsed wrong values ranged from GBP 1,289.00 to GBP 2,699.00. Common patterns: the model calculation or policy interpretation; taxable-income or deduction assumptions; thresholds, brackets, or rates."
uk,scenario_074,child_benefit,12,12,llm_error,other;period_annualization;thresholds_rates,"Grouped audit: 12/12 models did not receive full credit for this child_benefit case. Wrong responses were 3 over, 9 under relative to the reference GBP 2,328.16; parsed wrong values ranged from GBP 1,878.24 to GBP 3,720.00. Common patterns: the model calculation or policy interpretation; annualization or period assumptions; thresholds, brackets, or rates."
uk,scenario_074,income_tax,12,12,llm_error,taxable_income_or_deductions,"Grouped audit: 12/12 models did not receive full credit for this income_tax case. Wrong responses were 1 over, 11 under relative to the reference GBP 6,561.36; parsed wrong values ranged from GBP 3,875.00 to GBP 7,256.00. Common patterns: taxable-income or deduction assumptions."
uk,scenario_074,national_insurance,12,12,llm_error,age_disability;other;taxable_income_or_deductions;thresholds_rates,"Grouped audit: 12/12 models did not receive full credit for this national_insurance case. Wrong responses were 5 over, 7 under relative to the reference GBP 2,697.64; parsed wrong values ranged from GBP 2,420.00 to GBP 4,177.54. Common patterns: age or disability treatment; the model calculation or policy interpretation; taxable-income or deduction assumptions; thresholds, brackets, or rates."
uk,scenario_075,child_benefit,12,12,llm_error,categorical_eligibility;period_annualization;thresholds_rates,"Grouped audit: 12/12 models did not receive full credit for this child_benefit case. Wrong responses were 2 over, 10 under relative to the reference GBP 1,400.66; parsed wrong values ranged from GBP 0.00 to GBP 1,752.00. Common patterns: categorical eligibility; annualization or period assumptions; thresholds, brackets, or rates."
uk,scenario_075,income_tax,12,12,llm_error,taxable_income_or_deductions,"Grouped audit: 12/12 models did not receive full credit for this income_tax case. Wrong responses were 12 under relative to the reference GBP 6,337.75; parsed wrong values ranged from GBP 0.00 to GBP 6,304.40. Common patterns: taxable-income or deduction assumptions."
uk,scenario_075,national_insurance,12,12,llm_error,other;taxable_income_or_deductions;thresholds_rates,"Grouped audit: 12/12 models did not receive full credit for this national_insurance case. Wrong responses were 3 over, 9 under relative to the reference GBP 2,635.90; parsed wrong values ranged from GBP 2,341.32 to GBP 3,962.00. Common patterns: the model calculation or policy interpretation; taxable-income or deduction assumptions; thresholds, brackets, or rates."
uk,scenario_075,universal_credit,1,12,llm_error,taxable_income_or_deductions,"Grouped audit: 1/12 models did not receive full credit for this universal_credit case. Wrong responses were 1 over relative to the reference GBP 0.00; parsed wrong values were GBP 5,496.12. Common patterns: taxable-income or deduction assumptions."
uk,scenario_076,income_tax,1,12,llm_error,taxable_income_or_deductions,Grouped audit: 1/12 models did not receive full credit for this income_tax case. Wrong responses were 1 over relative to the reference GBP 0.00; parsed wrong values were GBP 103.50. Common patterns: taxable-income or deduction assumptions.
uk,scenario_076,pension_credit,2,12,llm_error,credit_phaseout;taxable_income_or_deductions,"Grouped audit: 2/12 models did not receive full credit for this pension_credit case. Wrong responses were 2 over relative to the reference GBP 0.00; parsed wrong values ranged from GBP 3,321.96 to GBP 12,150.00. Common patterns: credit or phaseout treatment; taxable-income or deduction assumptions."
uk,scenario_077,child_benefit,12,12,llm_error,other;thresholds_rates,"Grouped audit: 12/12 models did not receive full credit for this child_benefit case. Wrong responses were 4 over, 8 under relative to the reference GBP 2,328.16; parsed wrong values ranged from GBP 1,701.48 to GBP 2,554.80. Common patterns: the model calculation or policy interpretation; thresholds, brackets, or rates."
uk,scenario_077,income_tax,12,12,llm_error,taxable_income_or_deductions,"Grouped audit: 12/12 models did not receive full credit for this income_tax case. Wrong responses were 6 over, 6 under relative to the reference GBP 1,942.84; parsed wrong values ranged from GBP 323.80 to GBP 2,428.00. Common patterns: taxable-income or deduction assumptions."
uk,scenario_077,national_insurance,12,12,llm_error,taxable_income_or_deductions;thresholds_rates,"Grouped audit: 12/12 models did not receive full credit for this national_insurance case. Wrong responses were 4 over, 8 under relative to the reference GBP 877.94; parsed wrong values ranged from GBP 0.00 to GBP 2,322.00. Common patterns: taxable-income or deduction assumptions; thresholds, brackets, or rates."
uk,scenario_077,pip,2,12,llm_error,thresholds_rates,"Grouped audit: 2/12 models did not receive full credit for this pip case. Wrong responses were 2 over relative to the reference GBP 0.00; parsed wrong values ranged from GBP 3,684.00 to GBP 3,777.80. Common patterns: thresholds, brackets, or rates."
uk,scenario_077,universal_credit,12,12,llm_error,credit_phaseout;taxable_income_or_deductions;thresholds_rates,"Grouped audit: 12/12 models did not receive full credit for this universal_credit case. Wrong responses were 12 under relative to the reference GBP 21,665.37; parsed wrong values ranged from GBP 0.00 to GBP 20,193.52. Common patterns: credit or phaseout treatment; taxable-income or deduction assumptions; thresholds, brackets, or rates."
uk,scenario_078,income_tax,12,12,llm_error,taxable_income_or_deductions,"Grouped audit: 12/12 models did not receive full credit for this income_tax case. Wrong responses were 4 over, 8 under relative to the reference GBP 17,801.64; parsed wrong values ranged from GBP 11,099.64 to GBP 17,959.00. Common patterns: taxable-income or deduction assumptions."
uk,scenario_079,income_tax,12,12,llm_error,taxable_income_or_deductions,"Grouped audit: 12/12 models did not receive full credit for this income_tax case. Wrong responses were 1 over, 11 under relative to the reference GBP 1,035.02; parsed wrong values ranged from GBP 895.00 to GBP 2,942.34. Common patterns: taxable-income or deduction assumptions."
uk,scenario_079,pension_credit,1,12,llm_error,taxable_income_or_deductions,"Grouped audit: 1/12 models did not receive full credit for this pension_credit case. Wrong responses were 1 over relative to the reference GBP 0.00; parsed wrong values were GBP 3,821.20. Common patterns: taxable-income or deduction assumptions."
uk,scenario_080,income_tax,12,12,llm_error,taxable_income_or_deductions,"Grouped audit: 12/12 models did not receive full credit for this income_tax case. Wrong responses were 1 over, 11 under relative to the reference GBP 37,648.48; parsed wrong values ranged from GBP 20,817.28 to GBP 41,539.00. Common patterns: taxable-income or deduction assumptions."
uk,scenario_080,national_insurance,12,12,llm_error,age_disability;other;payroll_tax_base;thresholds_rates,"Grouped audit: 12/12 models did not receive full credit for this national_insurance case. Wrong responses were 2 over, 10 under relative to the reference GBP 7,160.43; parsed wrong values ranged from GBP 4,252.00 to GBP 19,952.00. Common patterns: age or disability treatment; the model calculation or policy interpretation; payroll or contribution tax base; thresholds, brackets, or rates."
uk,scenario_081,capital_gains_tax,1,12,llm_error,thresholds_rates,"Grouped audit: 1/12 models did not receive full credit for this capital_gains_tax case. Wrong responses were 1 over relative to the reference GBP 0.00; parsed wrong values were GBP 116.00. Common patterns: thresholds, brackets, or rates."
uk,scenario_081,income_tax,12,12,llm_error,taxable_income_or_deductions,"Grouped audit: 12/12 models did not receive full credit for this income_tax case. Wrong responses were 2 over, 10 under relative to the reference GBP 5,064.13; parsed wrong values ranged from GBP 0.00 to GBP 6,806.40. Common patterns: taxable-income or deduction assumptions."
uk,scenario_081,national_insurance,12,12,llm_error,credit_phaseout;taxable_income_or_deductions;thresholds_rates,"Grouped audit: 12/12 models did not receive full credit for this national_insurance case. Wrong responses were 4 over, 8 under relative to the reference GBP 259.71; parsed wrong values ranged from GBP 0.00 to GBP 1,504.96. Common patterns: credit or phaseout treatment; taxable-income or deduction assumptions; thresholds, brackets, or rates."
uk,scenario_082,pension_credit,3,12,llm_error,credit_phaseout,"Grouped audit: 3/12 models did not receive full credit for this pension_credit case. Wrong responses were 3 over relative to the reference GBP 0.00; parsed wrong values ranged from GBP 4,751.20 to GBP 11,520.00. Common patterns: credit or phaseout treatment."
uk,scenario_083,child_benefit,12,12,llm_error,age_disability;other;period_annualization;thresholds_rates,"Grouped audit: 12/12 models did not receive full credit for this child_benefit case. Wrong responses were 3 over, 9 under relative to the reference GBP 1,400.66; parsed wrong values ranged from GBP 1,152.00 to GBP 2,694.00. Common patterns: age or disability treatment; the model calculation or policy interpretation; annualization or period assumptions; thresholds, brackets, or rates."
uk,scenario_083,income_tax,12,12,llm_error,taxable_income_or_deductions,"Grouped audit: 12/12 models did not receive full credit for this income_tax case. Wrong responses were 7 over, 5 under relative to the reference GBP 3,992.70; parsed wrong values ranged from GBP 0.00 to GBP 5,749.00. Common patterns: taxable-income or deduction assumptions."
uk,scenario_083,national_insurance,12,12,llm_error,thresholds_rates,"Grouped audit: 12/12 models did not receive full credit for this national_insurance case. Wrong responses were 5 over, 7 under relative to the reference GBP 1,819.70; parsed wrong values ranged from GBP 1,617.00 to GBP 3,195.20. Common patterns: thresholds, brackets, or rates."
uk,scenario_084,child_benefit,12,12,llm_error,age_disability;categorical_eligibility;other;period_annualization;thresholds_rates,"Grouped audit: 12/12 models did not receive full credit for this child_benefit case. Wrong responses were 3 over, 9 under relative to the reference GBP 3,255.65; parsed wrong values ranged from GBP 0.00 to GBP 3,900.00. Common patterns: age or disability treatment; categorical eligibility; the model calculation or policy interpretation; annualization or period assumptions."
uk,scenario_084,income_tax,12,12,llm_error,taxable_income_or_deductions;thresholds_rates,"Grouped audit: 12/12 models did not receive full credit for this income_tax case. Wrong responses were 12 under relative to the reference GBP 25,410.83; parsed wrong values ranged from GBP 0.00 to GBP 24,276.40. Common patterns: taxable-income or deduction assumptions; thresholds, brackets, or rates."
uk,scenario_084,national_insurance,12,12,llm_error,age_disability;taxable_income_or_deductions;thresholds_rates,"Grouped audit: 12/12 models did not receive full credit for this national_insurance case. Wrong responses were 4 over, 8 under relative to the reference GBP 6,516.88; parsed wrong values ranged from GBP 0.00 to GBP 16,610.00. Common patterns: age or disability treatment; taxable-income or deduction assumptions; thresholds, brackets, or rates."
uk,scenario_085,child_benefit,12,12,llm_error,age_disability;categorical_eligibility;other;period_annualization;thresholds_rates,"Grouped audit: 12/12 models did not receive full credit for this child_benefit case. Wrong responses were 2 over, 10 under relative to the reference GBP 1,400.66; parsed wrong values ranged from GBP 0.00 to GBP 1,470.60. Common patterns: age or disability treatment; categorical eligibility; the model calculation or policy interpretation; annualization or period assumptions."
uk,scenario_085,income_tax,12,12,llm_error,taxable_income_or_deductions,"Grouped audit: 12/12 models did not receive full credit for this income_tax case. Wrong responses were 12 under relative to the reference GBP 17,077.95; parsed wrong values ranged from GBP 9,348.00 to GBP 15,662.00. Common patterns: taxable-income or deduction assumptions."
uk,scenario_085,national_insurance,12,12,llm_error,age_disability;other;taxable_income_or_deductions;thresholds_rates,"Grouped audit: 12/12 models did not receive full credit for this national_insurance case. Wrong responses were 6 over, 6 under relative to the reference GBP 4,029.01; parsed wrong values ranged from GBP 3,719.00 to GBP 7,381.00. Common patterns: age or disability treatment; the model calculation or policy interpretation; taxable-income or deduction assumptions; thresholds, brackets, or rates."
uk,scenario_087,income_tax,1,12,llm_error,taxable_income_or_deductions,Grouped audit: 1/12 models did not receive full credit for this income_tax case. Wrong responses were 1 over relative to the reference GBP 0.00; parsed wrong values were GBP 3.00. Common patterns: taxable-income or deduction assumptions.
uk,scenario_087,universal_credit,12,12,llm_error,age_disability;credit_phaseout;taxable_income_or_deductions;thresholds_rates,"Grouped audit: 12/12 models did not receive full credit for this universal_credit case. Wrong responses were 12 under relative to the reference GBP 4,713.73; parsed wrong values ranged from GBP 0.00 to GBP 4,686.04. Common patterns: age or disability treatment; credit or phaseout treatment; taxable-income or deduction assumptions; thresholds, brackets, or rates."
uk,scenario_089,child_benefit,12,12,llm_error,other;period_annualization;taxable_income_or_deductions;thresholds_rates,"Grouped audit: 12/12 models did not receive full credit for this child_benefit case. Wrong responses were 3 over, 9 under relative to the reference GBP 2,328.16; parsed wrong values ranged from GBP 1,950.00 to GBP 2,518.52. Common patterns: the model calculation or policy interpretation; annualization or period assumptions; taxable-income or deduction assumptions; thresholds, brackets, or rates."
uk,scenario_089,income_tax,4,12,llm_error,taxable_income_or_deductions,Grouped audit: 4/12 models did not receive full credit for this income_tax case. Wrong responses were 4 over relative to the reference GBP 0.00; parsed wrong values ranged from GBP 66.60 to GBP 67.00. Common patterns: taxable-income or deduction assumptions.
uk,scenario_089,national_insurance,12,12,llm_error,credit_phaseout;other;payroll_tax_base;taxable_income_or_deductions;thresholds_rates,"Grouped audit: 12/12 models did not receive full credit for this national_insurance case. Wrong responses were 8 over, 4 under relative to the reference GBP 0.09; parsed wrong values ranged from GBP 0.00 to GBP 1,379.20. Common patterns: credit or phaseout treatment; the model calculation or policy interpretation; payroll or contribution tax base; taxable-income or deduction assumptions."
uk,scenario_089,pip,1,12,llm_error,thresholds_rates,"Grouped audit: 1/12 models did not receive full credit for this pip case. Wrong responses were 1 over relative to the reference GBP 0.00; parsed wrong values were GBP 4,667.20. Common patterns: thresholds, brackets, or rates."
uk,scenario_089,universal_credit,12,12,llm_error,credit_phaseout;taxable_income_or_deductions,"Grouped audit: 12/12 models did not receive full credit for this universal_credit case. Wrong responses were 4 over, 8 under relative to the reference GBP 14,387.34; parsed wrong values ranged from GBP 0.00 to GBP 19,134.89. Common patterns: credit or phaseout treatment; taxable-income or deduction assumptions."
uk,scenario_090,income_tax,12,12,llm_error,taxable_income_or_deductions,"Grouped audit: 12/12 models did not receive full credit for this income_tax case. Wrong responses were 1 over, 11 under relative to the reference GBP 10,050.07; parsed wrong values ranged from GBP 1,487.00 to GBP 10,052.00. Common patterns: taxable-income or deduction assumptions."
uk,scenario_090,pension_credit,12,12,llm_error,credit_phaseout;payroll_tax_base;taxable_income_or_deductions,"Grouped audit: 12/12 models did not receive full credit for this pension_credit case. Wrong responses were 1 over, 11 under relative to the reference GBP 7,071.73; parsed wrong values ranged from GBP 0.00 to GBP 18,265.00. Common patterns: credit or phaseout treatment; payroll or contribution tax base; taxable-income or deduction assumptions."
uk,scenario_091,child_benefit,12,12,llm_error,categorical_eligibility;period_annualization;thresholds_rates,"Grouped audit: 12/12 models did not receive full credit for this child_benefit case. Wrong responses were 3 over, 9 under relative to the reference GBP 3,255.65; parsed wrong values ranged from GBP 1,752.48 to GBP 3,782.40. Common patterns: categorical eligibility; annualization or period assumptions; thresholds, brackets, or rates."
uk,scenario_091,income_tax,12,12,llm_error,taxable_income_or_deductions,"Grouped audit: 12/12 models did not receive full credit for this income_tax case. Wrong responses were 12 under relative to the reference GBP 12,115.71; parsed wrong values ranged from GBP 6,716.00 to GBP 11,113.00. Common patterns: taxable-income or deduction assumptions."
uk,scenario_091,national_insurance,12,12,llm_error,other;payroll_tax_base;period_annualization;thresholds_rates,"Grouped audit: 12/12 models did not receive full credit for this national_insurance case. Wrong responses were 5 over, 7 under relative to the reference GBP 3,234.90; parsed wrong values ranged from GBP 2,984.76 to GBP 4,614.96. Common patterns: the model calculation or policy interpretation; payroll or contribution tax base; annualization or period assumptions; thresholds, brackets, or rates."
uk,scenario_091,universal_credit,12,12,llm_error,credit_phaseout;taxable_income_or_deductions;thresholds_rates,"Grouped audit: 12/12 models did not receive full credit for this universal_credit case. Wrong responses were 12 under relative to the reference GBP 921.95; parsed wrong values were GBP 0.00. Common patterns: credit or phaseout treatment; taxable-income or deduction assumptions; thresholds, brackets, or rates."
uk,scenario_092,child_benefit,12,12,llm_error,age_disability;categorical_eligibility;other;thresholds_rates,"Grouped audit: 12/12 models did not receive full credit for this child_benefit case. Wrong responses were 1 over, 11 under relative to the reference GBP 1,400.66; parsed wrong values ranged from GBP 0.00 to GBP 1,464.00. Common patterns: age or disability treatment; categorical eligibility; the model calculation or policy interpretation; thresholds, brackets, or rates."
uk,scenario_092,pip,2,12,llm_error,thresholds_rates,"Grouped audit: 2/12 models did not receive full credit for this pip case. Wrong responses were 2 over relative to the reference GBP 0.00; parsed wrong values ranged from GBP 4,000.00 to GBP 4,522.60. Common patterns: thresholds, brackets, or rates."
uk,scenario_092,universal_credit,12,12,llm_error,credit_phaseout;other;taxable_income_or_deductions,"Grouped audit: 12/12 models did not receive full credit for this universal_credit case. Wrong responses were 4 over, 8 under relative to the reference GBP 14,786.15; parsed wrong values ranged from GBP 0.00 to GBP 16,968.00. Common patterns: credit or phaseout treatment; the model calculation or policy interpretation; taxable-income or deduction assumptions."
uk,scenario_093,child_benefit,12,12,llm_error,other;period_annualization;thresholds_rates,"Grouped audit: 12/12 models did not receive full credit for this child_benefit case. Wrong responses were 4 over, 8 under relative to the reference GBP 2,328.16; parsed wrong values ranged from GBP 382.20 to GBP 2,698.80. Common patterns: the model calculation or policy interpretation; annualization or period assumptions; thresholds, brackets, or rates."
uk,scenario_093,income_tax,1,12,llm_error,taxable_income_or_deductions,Grouped audit: 1/12 models did not receive full credit for this income_tax case. Wrong responses were 1 over relative to the reference GBP 0.00; parsed wrong values were GBP 1.56. Common patterns: taxable-income or deduction assumptions.
uk,scenario_093,universal_credit,12,12,llm_error,credit_phaseout;taxable_income_or_deductions;thresholds_rates,"Grouped audit: 12/12 models did not receive full credit for this universal_credit case. Wrong responses were 1 over, 11 under relative to the reference GBP 15,230.50; parsed wrong values ranged from GBP 0.00 to GBP 16,900.00. Common patterns: credit or phaseout treatment; taxable-income or deduction assumptions; thresholds, brackets, or rates."
uk,scenario_094,child_benefit,12,12,llm_error,age_disability;categorical_eligibility;period_annualization;thresholds_rates,"Grouped audit: 12/12 models did not receive full credit for this child_benefit case. Wrong responses were 2 over, 10 under relative to the reference GBP 1,400.66; parsed wrong values ranged from GBP 0.00 to GBP 1,456.80. Common patterns: age or disability treatment; categorical eligibility; annualization or period assumptions; thresholds, brackets, or rates."
uk,scenario_094,income_tax,12,12,llm_error,taxable_income_or_deductions,Grouped audit: 12/12 models did not receive full credit for this income_tax case. Wrong responses were 12 under relative to the reference GBP 187.72; parsed wrong values ranged from GBP 0.00 to GBP 100.80. Common patterns: taxable-income or deduction assumptions.
uk,scenario_094,national_insurance,12,12,llm_error,taxable_income_or_deductions;thresholds_rates,"Grouped audit: 12/12 models did not receive full credit for this national_insurance case. Wrong responses were 2 over, 10 under relative to the reference GBP 75.09; parsed wrong values ranged from GBP 0.00 to GBP 1,008.00. Common patterns: taxable-income or deduction assumptions; thresholds, brackets, or rates."
uk,scenario_094,universal_credit,12,12,llm_error,credit_phaseout;taxable_income_or_deductions,"Grouped audit: 12/12 models did not receive full credit for this universal_credit case. Wrong responses were 1 over, 11 under relative to the reference GBP 6,095.03; parsed wrong values ranged from GBP 0.00 to GBP 6,130.68. Common patterns: credit or phaseout treatment; taxable-income or deduction assumptions."
uk,scenario_095,child_benefit,12,12,llm_error,age_disability;period_annualization;thresholds_rates,"Grouped audit: 12/12 models did not receive full credit for this child_benefit case. Wrong responses were 3 over, 9 under relative to the reference GBP 1,400.66; parsed wrong values ranged from GBP 1,025.00 to GBP 1,610.00. Common patterns: age or disability treatment; annualization or period assumptions; thresholds, brackets, or rates."
uk,scenario_095,income_tax,6,12,llm_error,taxable_income_or_deductions,Grouped audit: 6/12 models did not receive full credit for this income_tax case. Wrong responses were 6 over relative to the reference GBP 0.00; parsed wrong values ranged from GBP 63.00 to GBP 63.27. Common patterns: taxable-income or deduction assumptions.
uk,scenario_095,national_insurance,12,12,llm_error,age_disability;other;taxable_income_or_deductions;thresholds_rates,"Grouped audit: 12/12 models did not receive full credit for this national_insurance case. Wrong responses were 10 over, 2 under relative to the reference GBP 0.09; parsed wrong values ranged from GBP 0.00 to GBP 1,784.00. Common patterns: age or disability treatment; the model calculation or policy interpretation; taxable-income or deduction assumptions; thresholds, brackets, or rates."
uk,scenario_095,universal_credit,12,12,llm_error,credit_phaseout;taxable_income_or_deductions;thresholds_rates,"Grouped audit: 12/12 models did not receive full credit for this universal_credit case. Wrong responses were 10 over, 2 under relative to the reference GBP 6,189.54; parsed wrong values ranged from GBP 0.00 to GBP 13,076.16. Common patterns: credit or phaseout treatment; taxable-income or deduction assumptions; thresholds, brackets, or rates."
uk,scenario_096,child_benefit,12,12,llm_error,other;period_annualization;thresholds_rates,"Grouped audit: 12/12 models did not receive full credit for this child_benefit case. Wrong responses were 2 over, 10 under relative to the reference GBP 2,328.16; parsed wrong values ranged from GBP 1,896.00 to GBP 2,559.60. Common patterns: the model calculation or policy interpretation; annualization or period assumptions; thresholds, brackets, or rates."
uk,scenario_096,income_tax,12,12,llm_error,taxable_income_or_deductions,"Grouped audit: 12/12 models did not receive full credit for this income_tax case. Wrong responses were 2 over, 10 under relative to the reference GBP 94,001.70; parsed wrong values ranged from GBP 18,690.00 to GBP 105,658.80. Common patterns: taxable-income or deduction assumptions."
uk,scenario_096,national_insurance,12,12,llm_error,age_disability;taxable_income_or_deductions;thresholds_rates,"Grouped audit: 12/12 models did not receive full credit for this national_insurance case. Wrong responses were 5 over, 7 under relative to the reference GBP 7,628.77; parsed wrong values ranged from GBP 4,721.46 to GBP 19,240.00. Common patterns: age or disability treatment; taxable-income or deduction assumptions; thresholds, brackets, or rates."
uk,scenario_097,income_tax,11,12,llm_error,taxable_income_or_deductions,"Grouped audit: 11/12 models did not receive full credit for this income_tax case. Wrong responses were 11 under relative to the reference GBP 5,491.02; parsed wrong values ranged from GBP 0.00 to GBP 5,359.00. Common patterns: taxable-income or deduction assumptions."
uk,scenario_097,national_insurance,12,12,llm_error,age_disability;asset_resource;taxable_income_or_deductions;thresholds_rates,"Grouped audit: 12/12 models did not receive full credit for this national_insurance case. Wrong responses were 1 over, 11 under relative to the reference GBP 2,196.41; parsed wrong values ranged from GBP 0.00 to GBP 2,661.12. Common patterns: age or disability treatment; asset or resource limits; taxable-income or deduction assumptions; thresholds, brackets, or rates."
uk,scenario_098,capital_gains_tax,12,12,llm_error,taxable_income_or_deductions;thresholds_rates,"Grouped audit: 12/12 models did not receive full credit for this capital_gains_tax case. Wrong responses were 12 under relative to the reference GBP 5,756.49; parsed wrong values ranged from GBP 394.00 to GBP 5,147.57. Common patterns: taxable-income or deduction assumptions; thresholds, brackets, or rates."
uk,scenario_098,income_tax,12,12,llm_error,taxable_income_or_deductions;thresholds_rates,"Grouped audit: 12/12 models did not receive full credit for this income_tax case. Wrong responses were 11 over, 1 under relative to the reference GBP 6,358.45; parsed wrong values ranged from GBP 4,768.61 to GBP 12,500.00. Common patterns: taxable-income or deduction assumptions; thresholds, brackets, or rates."
uk,scenario_098,national_insurance,12,12,llm_error,age_disability;other;taxable_income_or_deductions;thresholds_rates,"Grouped audit: 12/12 models did not receive full credit for this national_insurance case. Wrong responses were 6 over, 6 under relative to the reference GBP 3,244.50; parsed wrong values ranged from GBP 2,929.00 to GBP 4,735.00. Common patterns: age or disability treatment; the model calculation or policy interpretation; taxable-income or deduction assumptions; thresholds, brackets, or rates."
uk,scenario_099,child_benefit,12,12,llm_error,age_disability;other;period_annualization;thresholds_rates,"Grouped audit: 12/12 models did not receive full credit for this child_benefit case. Wrong responses were 3 over, 9 under relative to the reference GBP 2,328.16; parsed wrong values ranged from GBP 370.80 to GBP 3,680.00. Common patterns: age or disability treatment; the model calculation or policy interpretation; annualization or period assumptions; thresholds, brackets, or rates."
uk,scenario_099,universal_credit,12,12,llm_error,credit_phaseout;taxable_income_or_deductions,"Grouped audit: 12/12 models did not receive full credit for this universal_credit case. Wrong responses were 1 over, 11 under relative to the reference GBP 11,874.63; parsed wrong values ranged from GBP 0.00 to GBP 12,534.43. Common patterns: credit or phaseout treatment; taxable-income or deduction assumptions."
