model,scenario_id,variable,prediction,raw_response,error,elapsed_seconds,prompt_tokens,completion_tokens,total_tokens,reasoning_tokens,cached_prompt_tokens,estimated_cost_usd
claude-sonnet-4.6,scenario_000,income_tax,,"I need to calculate the federal income tax liability for a single filer in PA, age 63, with negative income from self-employment and capital losses.

## Income Summary
- Self-employment income: -$144,905
- Short-term capital gains: -$1,242
- Long-term capital gains: -$1,862

## Step 1: Calculate Adjusted Gross Income

**Self-employment income:** -$144,905
- When self-employment income is negative, there's no self-employment tax, and no SE tax deduction.

**Capital losses:**
- Short-term capital loss: -$1,242
- Long-term capital loss: -$1,862
- Total capital losses: -$3,104
- Capital loss deduction is limited to $3,000 per year for ordinary income purposes
- The remaining $104 carries forward

**Gross Income calculation:**
- SE income: -$144,905
- Capital loss applied to income: -$3,000 (limited)
- Total: -$144,905 + (-$3,000) = -$147,905

Since total income is",,5.829545832995791,197,256,453,0,0,0.004431
claude-sonnet-4.6,scenario_000,income_tax_before_refundable_credits,,"I need to find the federal income tax before refundable credits for a single filer with losses.

## Income Summary
- Self-employment income: -$144,905
- Short-term capital gains: -$1,242
- Long-term capital gains: -$1,862

## Step 1: Calculate Adjusted Gross Income

**Self-employment income:** -$144,905
- Since SE income is negative, there's no SE tax and no SE tax deduction.

**Capital losses:**
- Short-term capital loss: -$1,242
- Long-term capital loss: -$1,862
- Total capital loss: -$3,104
- Capital loss is limited to -$3,000 per year for individuals

**AGI Calculation:**
- SE income: -$144,905
- Capital loss deduction: -$3,000 (limited)
- AGI = -$144,905 + (-$3,000) = -$147,905

## Step 2: Calculate Taxable Income

Since AGI is negative (-$147,905), even without itemizing, the standard deduction ($",,5.042515542008914,200,256,456,0,0,0.00444
claude-sonnet-4.6,scenario_000,eitc,0.0,"{""answer"": 0}

The Earned Income Tax Credit (EITC) requires positive earned income to qualify. This filer has negative self-employment income (-$144,905), negative short-term capital gains (-$1,242), and negative long-term capital gains (-$1,862). Since there is no positive earned income, the filer does not qualify for the EITC, resulting in a $0 credit.",,2.1715211249829736,198,98,296,0,0,0.002064
claude-sonnet-4.6,scenario_000,ctc,0.0,"{""answer"": 0}

The Child Tax Credit is $0 because this household has no children.",,2.0305080830003135,196,25,221,0,0,0.000963
claude-sonnet-4.6,scenario_000,income_tax_refundable_credits,0.0,"{""answer"": 0}

The taxpayer has negative income from all sources (self-employment loss of -$144,905, short-term capital loss of -$1,242, and long-term capital loss of -$1,862), resulting in no taxable income and no tax liability. With no earned income (self-employment income is negative), they would not qualify for the Earned Income Tax Credit. There are no other refundable credits applicable in this situation, so total refundable tax credits = $0.",,3.7794408339832444,198,115,313,0,0,0.002319
claude-sonnet-4.6,scenario_000,snap,,"I need to calculate the annual SNAP benefit for a single adult filer in PA with negative income.

## Step 1: Determine Gross Income for SNAP

SNAP uses its own income calculation rules. Let me identify the relevant income:

- Employment income: $0
- Self-employment income: -$144,905 (a loss)
- Short-term capital gains: -$1,242 (a loss)
- Long-term capital gains: -$1,862 (a loss)

For SNAP purposes, self-employment losses can offset other income but typically cannot create negative income below zero. Capital gains/losses are generally counted as income for SNAP purposes.

**Net income calculation:**
- Self-employment: -$144,905
- Short-term capital gains: -$1,242
- Long-term capital gains: -$1,862
- Total: -$147,009

Since total income is negative (essentially $0 for SNAP purposes), the household has $0 gross income.

## Step 2: Apply SNAP Gross Income Test

For 2025, the gross income limit for a 1-person household",,5.344386959011899,201,256,457,0,0,0.004443
claude-sonnet-4.6,scenario_000,ssi,11220.0,"{""answer"": 11220}

The federal SSI benefit rate for 2025 is $967/month for an individual, which equals $967 × 12 = $11,604 annually. However, Pennsylvania does not provide a state supplement to SSI for individuals living independently.

Wait, let me reconsider. The person has negative income (losses) from self-employment and capital gains. For SSI purposes, losses do not count as income - SSI only counts positive income. With $0 in countable income, the person would receive the full federal SSI benefit rate.

For 2025, the federal SSI rate is $967/month for an individual = $11,604/year.

Pennsylvania does provide a state supplement for SSI recipients. For 2025, PA's supplement for an aged/blind/disabled individual living independently is approximately $27.40/month... but let me reconsider the PA supplement amount.

PA SSI state supplement for 2025 for an individual living alone: The federal benefit is $967/month. PA's supplement varies. For individuals living independently in PA, the supplement is about $0 for those receiving federal SSI (",,7.095134041010169,203,256,459,0,0,0.004449
claude-sonnet-4.6,scenario_000,free_school_meals,1.0,"{""answer"": 1}

The household qualifies for free school meals. However, I should note that since this is an adult with no children, the practical application is moot - free school meals programs apply to school-age children. But based on the income calculation:

The household has negative income (losses) from self-employment (-$144,905), short-term capital gains (-$1,242), and long-term capital gains (-$1,862), resulting in a total income well below zero. With no positive income, this household would fall well below the federal poverty level thresholds used for free school meal eligibility (typically 130% of FPL). Therefore, the household technically qualifies (1).",,4.7541522909887135,213,155,368,0,0,0.0029640000000000005
claude-sonnet-4.6,scenario_000,is_medicaid_eligible,,"I need to determine if this household is eligible for Medicaid in Pennsylvania for 2025.

## Step 1: Determine MAGI for Medicaid

For Medicaid eligibility, we use Modified Adjusted Gross Income (MAGI). Let me calculate the household's income.

**Income components:**
- Employment income: $0
- Self-employment income: -$144,905
- Short-term capital gains: -$1,242
- Long-term capital gains: -$1,862

**Total income:** -$144,905 + (-$1,242) + (-$1,862) = -$148,009

For MAGI-based Medicaid, losses from self-employment and capital losses are included, but there are limitations:
- Capital losses are limited to -$3,000 per year for tax purposes
- Self-employment losses can offset income

**AGI calculation:**
- Self-employment income: -$144,905 (loss)
- Short-term capital loss: -$1,242
- Long-term capital loss: -$1,862
- Total capital losses: -$3",,4.939216750004562,213,256,469,0,0,0.004479
claude-sonnet-4.6,scenario_000,household_state_income_tax,0.0,"{""answer"": 0}

Pennsylvania does not allow net operating losses or negative income to offset taxes - but more importantly, PA taxes only income that is positive. Since all income sources are negative (losses), the taxable income in Pennsylvania is $0, resulting in $0 state income tax liability.

Pennsylvania's flat income tax rate is 3.07%, but it applies only to positive taxable income. PA does not allow losses from one income class to offset income from another, and with no positive income in any category, the tax liability is $0.",,4.886898333003046,196,119,315,0,0,0.002373
claude-sonnet-4.6,scenario_000,household_net_income,,"I need to calculate the net income for a single filer in PA with negative income from self-employment and capital gains.

## Market Income

- Employment income: $0
- Self-employment income: -$144,905
- Short-term capital gains: -$1,242
- Long-term capital gains: -$1,862
- Total market income: -$148,009

## Federal Taxes

**AGI Calculation:**
- Self-employment income: -$144,905
- SE deduction (half of SE tax): When SE income is negative, there's no SE tax, so no deduction
- Short-term capital gains: -$1,242
- Long-term capital gains: -$1,862
- AGI = -$144,905 + (-$1,242) + (-$1,862) = -$148,009

**Federal Income Tax:**
- AGI is -$148,009, which is deeply negative
- Standard deduction for single filer 2025: $15,000 (age 65+ gets extra, but at 63, no extra)
- Taxable income: -",,5.246367333020316,203,256,459,0,0,0.004449
claude-sonnet-4.6,scenario_000,household_benefits,,"I need to calculate government benefits for a single filer in PA, age 63, with negative income (losses) in 2025.

## Income Summary
- Employment income: $0
- Self-employment income: -$144,905
- Short-term capital gains: -$1,242
- Long-term capital gains: -$1,862
- Total income: -$148,009

## Government Benefits to Consider

**ACA Marketplace Subsidies (Premium Tax Credits)**
With negative income, I need to determine Modified Adjusted Gross Income (MAGI) for ACA purposes.

For ACA MAGI:
- Net self-employment income: -$144,905 (losses can reduce MAGI)
- Short-term capital gains: -$1,242
- Long-term capital gains: -$1,862
- MAGI = -$148,009

However, ACA subsidies require income between 100% and 400% of Federal Poverty Level (FPL). With negative/zero income, the person would fall below 100% FPL.

For 2025, 100% FP",,9.838226874999236,196,256,452,0,0,0.004428
claude-sonnet-4.6,scenario_000,household_market_income,-148009.0,"{""answer"": -148009}

Market income = self-employment income + short-term capital gains + long-term capital gains
= -144,905 + (-1,242) + (-1,862)
= -148,009",,2.184343416010961,204,55,259,0,0,0.001437
claude-sonnet-4.6,scenario_000,marginal_tax_rate,,"I need to find the effective marginal tax rate for this household. The marginal rate is the tax rate on the next dollar of income.

## Key Facts
- Single filer, PA resident, age 63, tax year 2025
- Self-employment income: -$144,905
- Short-term capital gains: -$1,242
- Long-term capital gains: -$1,862
- All income items are **negative** (losses)

## Federal Tax Analysis

**Gross Income:**
- Self-employment loss: -$144,905
- Short-term capital loss: -$1,242
- Long-term capital loss: -$1,862
- Total: -$147,009 (net loss)

With all negative income, Adjusted Gross Income (AGI) would be very negative. However, capital losses are limited to $3,000 deduction against ordinary income per year, and excess capital losses carry forward. But here, there's already massive ordinary loss, so the capital losses are limited by overall AGI.

**AGI Calculation:**
- SE income: -$144,905 (but SE loss - no",,5.643190333998064,215,256,471,0,0,0.004485
claude-sonnet-4.6,scenario_001,income_tax,,"I need to calculate the federal income tax liability for a head of household filer with $190,000 employment income + $20 taxable interest income, with one 10-year-old child, and the adult is disabled.

## Step 1: Gross Income
- Employment income: $190,000
- Taxable interest: $20
- **Total gross income: $190,020**

## Step 2: Adjustments (Above-the-line deductions)
No information about above-the-line deductions, so none apply.

**AGI: $190,020**

## Step 3: Standard Deduction (Head of Household, 2025)
The 2025 standard deduction for Head of Household is $22,500.

**Taxable Income: $190,020 - $22,500 = $167,520**

## Step 4: Federal Income Tax (Head of Household 2025 brackets)
2025 Head of Household brackets:
- 10%: $0 - $17,000
- 12%: $17,000 - $64,850",,6.09230883300188,189,256,445,0,0,0.004407
claude-sonnet-4.6,scenario_001,income_tax_before_refundable_credits,,"I need to calculate the federal income tax before refundable credits for a head of household filer with $190,020 in income (employment + interest).

## Step 1: Determine Filing Status
Head of Household (HOH) - Adult 1 has a qualifying child (Child 1, age 10).

## Step 2: Calculate Gross Income
- Employment income: $190,000
- Taxable interest: $20
- **Total gross income: $190,020**

## Step 3: Above-the-line Deductions
No information provided about above-the-line deductions, so AGI = $190,020.

## Step 4: Standard Deduction for HOH (2025)
The 2025 standard deduction for Head of Household is $22,500.

Adult 1 is disabled (age 40, not 65+), so no additional standard deduction for age. The additional standard deduction applies for age 65+ or blind, not for disability generally.

**Standard deduction: $22,500**

## Step 5: Taxable Income
$190,020 -",,6.2523686249915045,192,256,448,0,0,0.004416
claude-sonnet-4.6,scenario_001,eitc,,"I need to calculate the Earned Income Tax Credit (EITC) for this household.

**Key facts:**
- Filing status: Head of Household
- Adult 1: Age 40, $190,000 employment income, $20 taxable interest income, disabled
- Child 1: Age 10 (qualifying child)
- Tax year 2025

**EITC Eligibility Check:**

The EITC has income limits. For 2025, I need to check the income thresholds.

For 2025 EITC parameters (with 1 qualifying child, head of household):
- The investment income limit is $11,600 (2024) → approximately $11,950 for 2025
- The earned income / AGI phaseout limit for 1 child, head of household: approximately $49,511 (2024) → approximately $50,434 for 2025

**Earned Income:** $190,000 (wages)
**Investment Income:** $20 (taxable interest)

The earned income of $190,000 far exceeds the maximum AGI/",,6.2495230000058655,190,256,446,0,0,0.00441
claude-sonnet-4.6,scenario_001,ctc,1400.0,"{""answer"": 1400}

The Child Tax Credit for 2025 is $2,000 per qualifying child under 17. However, it phases out for head of household filers with income above $200,000 (the phase-out threshold for non-joint filers).

Adult 1's AGI = $190,000 + $20 = $190,020, which is below the $200,000 phase-out threshold for head of household filers.

With one qualifying child (Child 1, age 10), the full $2,000 credit would normally apply. However, the credit is non-refundable up to $2,000, and the refundable portion (Additional Child Tax Credit) is limited to 15% of earned income above $2,500.

Wait - let me reconsider. The question asks for the Child Tax Credit amount. The full CTC is $2,000 per child. Income is below the phase-out threshold. The filer has one child under 17.

The CTC is $2,000, but the tax liability must be sufficient to use it. With $190,020 in income as",,6.67295066700899,188,256,444,0,0,0.004404
claude-sonnet-4.6,scenario_001,income_tax_refundable_credits,,"I need to find the total refundable tax credits for this household.

**Household Details:**
- Filing status: Head of Household
- State: Florida (no state income tax)
- Adult 1: 40 years old, $190,000 employment income, $20 taxable interest, disabled, works ~40 hrs/week
- Child 1: 10 years old

**Refundable Tax Credits to Consider:**

1. **Earned Income Tax Credit (EITC)**
2. **Child Tax Credit (refundable portion - Additional Child Tax Credit)**
3. **American Opportunity Credit** (not applicable - no education expenses mentioned)
4. **Premium Tax Credit** (not applicable - Florida, no indication of marketplace insurance)

**EITC Calculation:**
For 2025, with Head of Household, 1 qualifying child:
- Income: $190,020 (wages + interest)
- EITC income limits for 1 child: ~$50,434 (HoH/Single/MFS) for 2025
- With $190,000 income, this",,5.593188708007801,190,256,446,0,0,0.00441
claude-sonnet-4.6,scenario_001,snap,0.0,"{""answer"": 0}

The household is ineligible for SNAP benefits. With $190,020 in annual income ($190,000 employment + $20 interest), this far exceeds the SNAP gross income limit. For a 2-person household in 2025, the gross monthly income limit is 130% of the federal poverty level, which is approximately $2,248/month ($26,973/year). The household's monthly income of ~$15,835 is well above this threshold.

Note: While the adult is disabled (which can affect certain SNAP rules like net income tests), the gross income of $190,020 annually is so far above the limits that the household does not qualify regardless.",,4.396188332990278,193,159,352,0,0,0.002964
claude-sonnet-4.6,scenario_001,ssi,0.0,"{""answer"": 0}

SSI eligibility requires that the individual have limited income and resources. The SSI income limit for 2025 is based on the Federal Benefit Rate (FBR). For 2025, the FBR is $967/month for an individual.

Adult 1 has $190,000 in annual employment income (~$15,833/month), which far exceeds the SSI income limits. Even after applying the earned income exclusions (the $65 earned income exclusion plus half of remaining earned income), the countable income would be enormous compared to the FBR.

Therefore, Adult 1 does not qualify for SSI, and the annual SSI amount is $0.",,4.432353250012966,195,160,355,0,0,0.0029850000000000002
claude-sonnet-4.6,scenario_001,free_school_meals,0.0,"{""answer"": 0}

The household has $190,020 in income (employment + interest), which far exceeds the free school meals income threshold. For 2025, free school meals eligibility requires income at or below 130% of the federal poverty level. For a household of 2 (one adult, one child), the poverty level is approximately $20,440, making the threshold around $26,572. With $190,020 in income, this household does not qualify for free school meals.",,3.8361731249897275,205,112,317,0,0,0.002295
claude-sonnet-4.6,scenario_001,is_medicaid_eligible,,"I need to determine if this household is eligible for Medicaid in Florida for 2025.

## Household Information
- Head of household filer
- Adult 1: 40 years old, $190,000 employment income + $20 taxable interest = $190,020 total income, disabled
- Child 1: 10 years old
- Location: Florida

## Florida Medicaid Eligibility

Florida did not expand Medicaid under the ACA, so the standard expansion pathway (up to 138% FPL for adults) is not available.

**Florida Medicaid pathways:**

1. **Children's Medicaid**: Children under 19 in Florida are eligible up to 200% FPL (for ages 6-18) or higher thresholds.

2. **Parent/Caretaker Medicaid**: Florida covers parents/caretakers at very low income thresholds (around 26-33% FPL for parents).

3. **Disabled adults**: Adults who are disabled may qualify through SSI-related Medicaid or other disability pathways, but income limits apply.

## 2025",,6.573131125012878,205,256,461,0,0,0.004455
claude-sonnet-4.6,scenario_001,household_state_income_tax,0.0,"{""answer"": 0}

Florida has no state income tax.",,1.9197826250165235,188,17,205,0,0,0.0008190000000000001
claude-sonnet-4.6,scenario_001,household_net_income,,"I need to calculate net income for a head of household filer in Florida with $190,000 employment income + $20 taxable interest income, disabled adult, 10-year-old child.

## Market Income
- Employment income: $190,000
- Taxable interest: $20
- Total market income: $190,020

## Benefits
Let me check for relevant benefits:

**SNAP**: With $190,020 income, this is well above SNAP limits (130% of FPL for gross income ~$26,973 for household of 2). Not eligible.

**Medicaid/CHIP**: Florida income limit for children's Medicaid is 206% FPL. For household of 2, FPL 2025 = $20,440. 206% = $42,106. Income of $190,020 exceeds this. Not eligible.

**ACA subsidies**: Income far exceeds 400% FPL ($81,760 for family of 2), so no premium tax credits.

**SSI/SSDI**: Adult is employed with $190,000 income - not eligible for",,7.449495167005807,195,256,451,0,0,0.004425
