scenario_id,variable,value
scenario_000,income_tax,0.0
scenario_000,income_tax_before_refundable_credits,0.0
scenario_000,eitc,0.0
scenario_000,ctc,0.0
scenario_000,income_tax_refundable_credits,0.0
scenario_000,snap,3522.0
scenario_000,ssi,0.0
scenario_000,free_school_meals,0.0
scenario_000,is_medicaid_eligible,1.0
scenario_000,household_state_income_tax,6.0
scenario_000,household_net_income,-144162.59375
scenario_000,household_benefits,3852.0
scenario_000,household_market_income,-148008.59375
scenario_000,marginal_tax_rate,0.07649999856948853
scenario_001,income_tax,28842.8984375
scenario_001,income_tax_before_refundable_credits,28842.8984375
scenario_001,eitc,0.0
scenario_001,ctc,2200.0
scenario_001,income_tax_refundable_credits,0.0
scenario_001,snap,0.0
scenario_001,ssi,0.0
scenario_001,free_school_meals,0.0
scenario_001,is_medicaid_eligible,0.0
scenario_001,household_state_income_tax,0.0
scenario_001,household_net_income,147504.3125
scenario_001,household_benefits,0.0
scenario_001,household_market_income,190020.40625
scenario_001,marginal_tax_rate,-2.737093687057495
scenario_002,income_tax,2762.181640625
scenario_002,income_tax_before_refundable_credits,2762.181640625
scenario_002,eitc,0.0
scenario_002,ctc,0.0
scenario_002,income_tax_refundable_credits,0.0
scenario_002,snap,0.0
scenario_002,ssi,0.0
scenario_002,free_school_meals,0.0
scenario_002,is_medicaid_eligible,0.0
scenario_002,household_state_income_tax,410.13470458984375
scenario_002,household_net_income,58090.7109375
scenario_002,household_benefits,10875.95703125
scenario_002,household_market_income,50387.0703125
scenario_002,marginal_tax_rate,0.1714765429496765
scenario_003,income_tax,3103.6484375
scenario_003,income_tax_before_refundable_credits,3103.6484375
scenario_003,eitc,0.0
scenario_003,ctc,4400.0
scenario_003,income_tax_refundable_credits,0.0
scenario_003,snap,0.0
scenario_003,ssi,0.0
scenario_003,free_school_meals,0.0
scenario_003,is_medicaid_eligible,0.0
scenario_003,household_state_income_tax,2876.316162109375
scenario_003,household_net_income,84530.078125
scenario_003,household_benefits,0.0
scenario_003,household_market_income,98007.1953125
scenario_003,marginal_tax_rate,0.4809999465942383
scenario_004,income_tax,30264.740234375
scenario_004,income_tax_before_refundable_credits,30264.740234375
scenario_004,eitc,0.0
scenario_004,ctc,0.0
scenario_004,income_tax_refundable_credits,0.0
scenario_004,snap,0.0
scenario_004,ssi,0.0
scenario_004,free_school_meals,0.0
scenario_004,is_medicaid_eligible,0.0
scenario_004,household_state_income_tax,6564.6142578125
scenario_004,household_net_income,168691.125
scenario_004,household_benefits,0.0
scenario_004,household_market_income,220820.484375
scenario_004,marginal_tax_rate,0.652999997138977
scenario_005,income_tax,87482.8203125
scenario_005,income_tax_before_refundable_credits,87482.8203125
scenario_005,eitc,0.0
scenario_005,ctc,1650.0
scenario_005,income_tax_refundable_credits,0.0
scenario_005,snap,0.0
scenario_005,ssi,0.0
scenario_005,free_school_meals,0.0
scenario_005,is_medicaid_eligible,0.0
scenario_005,household_state_income_tax,29883.1015625
scenario_005,household_net_income,312991.625
scenario_005,household_benefits,0.0
scenario_005,household_market_income,454349.90625
scenario_005,marginal_tax_rate,-11.670562744140625
scenario_006,income_tax,-547.1261596679688
scenario_006,income_tax_before_refundable_credits,0.0
scenario_006,eitc,547.1261596679688
scenario_006,ctc,6600.0
scenario_006,income_tax_refundable_credits,547.1261596679688
scenario_006,snap,12976.5
scenario_006,ssi,0.0
scenario_006,free_school_meals,2232.0
scenario_006,is_medicaid_eligible,3.0
scenario_006,household_state_income_tax,0.0
scenario_006,household_net_income,35284.44921875
scenario_006,household_benefits,33486.72265625
scenario_006,household_market_income,1435.453857421875
scenario_006,marginal_tax_rate,-0.4128164052963257
scenario_007,income_tax,677.3988037109375
scenario_007,income_tax_before_refundable_credits,677.3988037109375
scenario_007,eitc,0.0
scenario_007,ctc,0.0
scenario_007,income_tax_refundable_credits,0.0
scenario_007,snap,0.0
scenario_007,ssi,0.0
scenario_007,free_school_meals,0.0
scenario_007,is_medicaid_eligible,0.0
scenario_007,household_state_income_tax,156.72201538085938
scenario_007,household_net_income,70220.0625
scenario_007,household_benefits,23366.791015625
scenario_007,household_market_income,47687.38671875
scenario_007,marginal_tax_rate,0.36330467462539673
scenario_008,income_tax,0.0
scenario_008,income_tax_before_refundable_credits,0.0
scenario_008,eitc,0.0
scenario_008,ctc,0.0
scenario_008,income_tax_refundable_credits,0.0
scenario_008,snap,281.760009765625
scenario_008,ssi,990.0
scenario_008,free_school_meals,0.0
scenario_008,is_medicaid_eligible,2.0
scenario_008,household_state_income_tax,0.0
scenario_008,household_net_income,28976.759765625
scenario_008,household_benefits,1271.760009765625
scenario_008,household_market_income,30000.0
scenario_008,marginal_tax_rate,1.152999997138977
scenario_009,income_tax,0.0
scenario_009,income_tax_before_refundable_credits,0.0
scenario_009,eitc,0.0
scenario_009,ctc,0.0
scenario_009,income_tax_refundable_credits,0.0
scenario_009,snap,0.0
scenario_009,ssi,0.0
scenario_009,free_school_meals,0.0
scenario_009,is_medicaid_eligible,0.0
scenario_009,household_state_income_tax,0.0
scenario_009,household_net_income,83464.6796875
scenario_009,household_benefits,41392.0
scenario_009,household_market_income,42072.6796875
scenario_009,marginal_tax_rate,0.15299999713897705
scenario_010,income_tax,0.0
scenario_010,income_tax_before_refundable_credits,0.0
scenario_010,eitc,0.0
scenario_010,ctc,0.0
scenario_010,income_tax_refundable_credits,0.0
scenario_010,snap,0.0
scenario_010,ssi,0.0
scenario_010,free_school_meals,0.0
scenario_010,is_medicaid_eligible,0.0
scenario_010,household_state_income_tax,0.0
scenario_010,household_net_income,63529.640625
scenario_010,household_benefits,28440.0
scenario_010,household_market_income,35089.640625
scenario_010,marginal_tax_rate,0.07649999856948853
scenario_011,income_tax,0.0
scenario_011,income_tax_before_refundable_credits,0.0
scenario_011,eitc,0.0
scenario_011,ctc,0.0
scenario_011,income_tax_refundable_credits,0.0
scenario_011,snap,1140.0
scenario_011,ssi,0.0
scenario_011,free_school_meals,0.0
scenario_011,is_medicaid_eligible,1.0
scenario_011,household_state_income_tax,475.5012512207031
scenario_011,household_net_income,33615.1953125
scenario_011,household_benefits,1800.0
scenario_011,household_market_income,34171.5
scenario_011,marginal_tax_rate,1.5080000162124634
scenario_012,income_tax,0.0
scenario_012,income_tax_before_refundable_credits,0.0
scenario_012,eitc,0.0
scenario_012,ctc,0.0
scenario_012,income_tax_refundable_credits,0.0
scenario_012,snap,458.099853515625
scenario_012,ssi,0.0
scenario_012,free_school_meals,0.0
scenario_012,is_medicaid_eligible,1.0
scenario_012,household_state_income_tax,118.21586608886719
scenario_012,household_net_income,23487.44140625
scenario_012,household_benefits,1118.099853515625
scenario_012,household_market_income,22487.55859375
scenario_012,marginal_tax_rate,0.6777383089065552
scenario_013,income_tax,-7635.14892578125
scenario_013,income_tax_before_refundable_credits,0.0
scenario_013,eitc,3135.810546875
scenario_013,ctc,6600.0
scenario_013,income_tax_refundable_credits,7635.14892578125
scenario_013,snap,0.0
scenario_013,ssi,0.0
scenario_013,free_school_meals,0.0
scenario_013,is_medicaid_eligible,3.0
scenario_013,household_state_income_tax,0.0
scenario_013,household_net_income,62584.09375
scenario_013,household_benefits,5010.0
scenario_013,household_market_income,53817.80859375
scenario_013,marginal_tax_rate,-16.56481170654297
scenario_014,income_tax,10772.0
scenario_014,income_tax_before_refundable_credits,10772.0
scenario_014,eitc,0.0
scenario_014,ctc,4400.0
scenario_014,income_tax_refundable_credits,0.0
scenario_014,snap,0.0
scenario_014,ssi,0.0
scenario_014,free_school_meals,0.0
scenario_014,is_medicaid_eligible,0.0
scenario_014,household_state_income_tax,5062.515625
scenario_014,household_net_income,119642.9375
scenario_014,household_benefits,0.0
scenario_014,household_market_income,146700.0
scenario_014,marginal_tax_rate,-11.980375289916992
scenario_015,income_tax,3871.5
scenario_015,income_tax_before_refundable_credits,3871.5
scenario_015,eitc,0.0
scenario_015,ctc,0.0
scenario_015,income_tax_refundable_credits,0.0
scenario_015,snap,0.0
scenario_015,ssi,0.0
scenario_015,free_school_meals,0.0
scenario_015,is_medicaid_eligible,0.0
scenario_015,household_state_income_tax,2011.375
scenario_015,household_net_income,40292.125
scenario_015,household_benefits,0.0
scenario_015,household_market_income,50000.0
scenario_015,marginal_tax_rate,0.24400001764297485
scenario_016,income_tax,669.7000122070312
scenario_016,income_tax_before_refundable_credits,669.7000122070312
scenario_016,eitc,0.0
scenario_016,ctc,0.0
scenario_016,income_tax_refundable_credits,0.0
scenario_016,snap,1140.0
scenario_016,ssi,0.0
scenario_016,free_school_meals,0.0
scenario_016,is_medicaid_eligible,1.0
scenario_016,household_state_income_tax,322.822509765625
scenario_016,household_net_income,22724.28125
scenario_016,household_benefits,1140.0
scenario_016,household_market_income,24447.0
scenario_016,marginal_tax_rate,0.1940000057220459
scenario_017,income_tax,-6028.0
scenario_017,income_tax_before_refundable_credits,0.0
scenario_017,eitc,4328.0
scenario_017,ctc,2200.0
scenario_017,income_tax_refundable_credits,6028.0
scenario_017,snap,2092.5
scenario_017,ssi,2146.0
scenario_017,free_school_meals,1116.0
scenario_017,is_medicaid_eligible,2.0
scenario_017,household_state_income_tax,-164.37997436523438
scenario_017,household_net_income,30498.87890625
scenario_017,household_benefits,7442.5
scenario_017,household_market_income,18088.0
scenario_017,marginal_tax_rate,-1.433199167251587
scenario_018,income_tax,12879.8369140625
scenario_018,income_tax_before_refundable_credits,12879.8369140625
scenario_018,eitc,0.0
scenario_018,ctc,2200.0
scenario_018,income_tax_refundable_credits,0.0
scenario_018,snap,0.0
scenario_018,ssi,0.0
scenario_018,free_school_meals,0.0
scenario_018,is_medicaid_eligible,0.0
scenario_018,household_state_income_tax,4777.9248046875
scenario_018,household_net_income,123634.75
scenario_018,household_benefits,0.0
scenario_018,household_market_income,146297.3125
scenario_018,marginal_tax_rate,0.7528437376022339
scenario_019,income_tax,2431.5
scenario_019,income_tax_before_refundable_credits,2431.5
scenario_019,eitc,0.0
scenario_019,ctc,0.0
scenario_019,income_tax_refundable_credits,0.0
scenario_019,snap,0.0
scenario_019,ssi,0.0
scenario_019,free_school_meals,0.0
scenario_019,is_medicaid_eligible,0.0
scenario_019,household_state_income_tax,765.0
scenario_019,household_net_income,34049.5
scenario_019,household_benefits,2000.0
scenario_019,household_market_income,38000.0
scenario_019,marginal_tax_rate,0.22649997472763062
scenario_020,income_tax,39749.1875
scenario_020,income_tax_before_refundable_credits,39749.1875
scenario_020,eitc,0.0
scenario_020,ctc,0.0
scenario_020,income_tax_refundable_credits,0.0
scenario_020,snap,0.0
scenario_020,ssi,0.0
scenario_020,free_school_meals,0.0
scenario_020,is_medicaid_eligible,0.0
scenario_020,household_state_income_tax,13548.4033203125
scenario_020,household_net_income,168407.484375
scenario_020,household_benefits,2400.0
scenario_020,household_market_income,243503.671875
scenario_020,marginal_tax_rate,0.4561406373977661
scenario_021,income_tax,2472.702392578125
scenario_021,income_tax_before_refundable_credits,2472.702392578125
scenario_021,eitc,0.0
scenario_021,ctc,500.0
scenario_021,income_tax_refundable_credits,0.0
scenario_021,snap,0.0
scenario_021,ssi,0.0
scenario_021,free_school_meals,0.0
scenario_021,is_medicaid_eligible,0.0
scenario_021,household_state_income_tax,1057.425537109375
scenario_021,household_net_income,70610.9921875
scenario_021,household_benefits,0.0
scenario_021,household_market_income,80261.1171875
scenario_021,marginal_tax_rate,-12.87276554107666
scenario_022,income_tax,5993.74072265625
scenario_022,income_tax_before_refundable_credits,5993.74072265625
scenario_022,eitc,0.0
scenario_022,ctc,0.0
scenario_022,income_tax_refundable_credits,0.0
scenario_022,snap,0.0
scenario_022,ssi,0.0
scenario_022,free_school_meals,0.0
scenario_022,is_medicaid_eligible,0.0
scenario_022,household_state_income_tax,0.0
scenario_022,household_net_income,105030.234375
scenario_022,household_benefits,3149.155029296875
scenario_022,household_market_income,114149.609375
scenario_022,marginal_tax_rate,0.3930000066757202
scenario_023,income_tax,19342.8359375
scenario_023,income_tax_before_refundable_credits,19342.8359375
scenario_023,eitc,0.0
scenario_023,ctc,2200.0
scenario_023,income_tax_refundable_credits,0.0
scenario_023,snap,0.0
scenario_023,ssi,0.0
scenario_023,free_school_meals,0.0
scenario_023,is_medicaid_eligible,0.0
scenario_023,household_state_income_tax,8423.958984375
scenario_023,household_net_income,135306.96875
scenario_023,household_benefits,0.0
scenario_023,household_market_income,175658.34375
scenario_023,marginal_tax_rate,0.7224062085151672
scenario_024,income_tax,12515.7568359375
scenario_024,income_tax_before_refundable_credits,12515.7568359375
scenario_024,eitc,0.0
scenario_024,ctc,0.0
scenario_024,income_tax_refundable_credits,0.0
scenario_024,snap,0.0
scenario_024,ssi,0.0
scenario_024,free_school_meals,0.0
scenario_024,is_medicaid_eligible,0.0
scenario_024,household_state_income_tax,0.0
scenario_024,household_net_income,114067.9140625
scenario_024,household_benefits,0.0
scenario_024,household_market_income,135691.015625
scenario_024,marginal_tax_rate,0.593000054359436
scenario_025,income_tax,0.0
scenario_025,income_tax_before_refundable_credits,0.0
scenario_025,eitc,0.0
scenario_025,ctc,0.0
scenario_025,income_tax_refundable_credits,0.0
scenario_025,snap,0.0
scenario_025,ssi,0.0
scenario_025,free_school_meals,0.0
scenario_025,is_medicaid_eligible,0.0
scenario_025,household_state_income_tax,0.0
scenario_025,household_net_income,33156.1796875
scenario_025,household_benefits,0.0
scenario_025,household_market_income,35833.6796875
scenario_025,marginal_tax_rate,0.15299999713897705
scenario_026,income_tax,63281.4609375
scenario_026,income_tax_before_refundable_credits,63281.4609375
scenario_026,eitc,0.0
scenario_026,ctc,0.0
scenario_026,income_tax_refundable_credits,0.0
scenario_026,snap,0.0
scenario_026,ssi,0.0
scenario_026,free_school_meals,0.0
scenario_026,is_medicaid_eligible,0.0
scenario_026,household_state_income_tax,22182.88671875
scenario_026,household_net_income,248298.296875
scenario_026,household_benefits,0.0
scenario_026,household_market_income,354717.84375
scenario_026,marginal_tax_rate,0.8358749747276306
scenario_027,income_tax,-3825.0
scenario_027,income_tax_before_refundable_credits,0.0
scenario_027,eitc,3150.0
scenario_027,ctc,6600.0
scenario_027,income_tax_refundable_credits,3825.0
scenario_027,snap,0.0
scenario_027,ssi,8686.0
scenario_027,free_school_meals,3348.0
scenario_027,is_medicaid_eligible,3.0
scenario_027,household_state_income_tax,0.0
scenario_027,household_net_income,45219.5
scenario_027,household_benefits,23482.0
scenario_027,household_market_income,18448.0
scenario_027,marginal_tax_rate,-4.758699417114258
scenario_028,income_tax,-1095.0
scenario_028,income_tax_before_refundable_credits,0.0
scenario_028,eitc,1020.0
scenario_028,ctc,2200.0
scenario_028,income_tax_refundable_credits,1095.0
scenario_028,snap,0.0
scenario_028,ssi,0.0
scenario_028,free_school_meals,1116.0
scenario_028,is_medicaid_eligible,3.0
scenario_028,household_state_income_tax,-96.0
scenario_028,household_net_income,9913.5
scenario_028,household_benefits,5952.0
scenario_028,household_market_income,3000.0
scenario_028,marginal_tax_rate,-16.09000015258789
scenario_029,income_tax,-114.75
scenario_029,income_tax_before_refundable_credits,0.0
scenario_029,eitc,114.75
scenario_029,ctc,0.0
scenario_029,income_tax_refundable_credits,114.75
scenario_029,snap,3522.0
scenario_029,ssi,0.0
scenario_029,free_school_meals,0.0
scenario_029,is_medicaid_eligible,1.0
scenario_029,household_state_income_tax,0.0
scenario_029,household_net_income,5022.0
scenario_029,household_benefits,3522.0
scenario_029,household_market_income,1500.0
scenario_029,marginal_tax_rate,0.0
scenario_030,income_tax,6442.72509765625
scenario_030,income_tax_before_refundable_credits,6442.72509765625
scenario_030,eitc,0.0
scenario_030,ctc,0.0
scenario_030,income_tax_refundable_credits,0.0
scenario_030,snap,0.0
scenario_030,ssi,0.0
scenario_030,free_school_meals,0.0
scenario_030,is_medicaid_eligible,0.0
scenario_030,household_state_income_tax,0.0
scenario_030,household_net_income,84406.5390625
scenario_030,household_benefits,20675.328125
scenario_030,household_market_income,71254.59375
scenario_030,marginal_tax_rate,0.296500027179718
scenario_031,income_tax,11374.5087890625
scenario_031,income_tax_before_refundable_credits,11374.5087890625
scenario_031,eitc,0.0
scenario_031,ctc,0.0
scenario_031,income_tax_refundable_credits,0.0
scenario_031,snap,0.0
scenario_031,ssi,0.0
scenario_031,free_school_meals,0.0
scenario_031,is_medicaid_eligible,0.0
scenario_031,household_state_income_tax,6150.109375
scenario_031,household_net_income,145291.8125
scenario_031,household_benefits,31563.51953125
scenario_031,household_market_income,139465.734375
scenario_031,marginal_tax_rate,0.7289999723434448
scenario_032,income_tax,0.0
scenario_032,income_tax_before_refundable_credits,0.0
scenario_032,eitc,0.0
scenario_032,ctc,0.0
scenario_032,income_tax_refundable_credits,0.0
scenario_032,snap,6329.70068359375
scenario_032,ssi,2910.0
scenario_032,free_school_meals,0.0
scenario_032,is_medicaid_eligible,2.0
scenario_032,household_state_income_tax,328.03997802734375
scenario_032,household_net_income,34672.796875
scenario_032,household_benefits,9239.701171875
scenario_032,household_market_income,30000.0
scenario_032,marginal_tax_rate,1.2434961795806885
scenario_033,income_tax,-5588.98193359375
scenario_033,income_tax_before_refundable_credits,0.0
scenario_033,eitc,3038.98193359375
scenario_033,ctc,4400.0
scenario_033,income_tax_refundable_credits,5588.98193359375
scenario_033,snap,0.0
scenario_033,ssi,0.0
scenario_033,free_school_meals,0.0
scenario_033,is_medicaid_eligible,2.0
scenario_033,household_state_income_tax,0.0
scenario_033,household_net_income,53743.98046875
scenario_033,household_benefits,1980.0
scenario_033,household_market_income,50000.0
scenario_033,marginal_tax_rate,-10.241805076599121
scenario_034,income_tax,0.0
scenario_034,income_tax_before_refundable_credits,0.0
scenario_034,eitc,0.0
scenario_034,ctc,0.0
scenario_034,income_tax_refundable_credits,0.0
scenario_034,snap,707.6997680664062
scenario_034,ssi,10338.48046875
scenario_034,free_school_meals,0.0
scenario_034,is_medicaid_eligible,1.0
scenario_034,household_state_income_tax,0.0
scenario_034,household_net_income,12881.701171875
scenario_034,household_benefits,11376.1806640625
scenario_034,household_market_income,1505.52001953125
scenario_034,marginal_tax_rate,0.3917011618614197
scenario_035,income_tax,0.0
scenario_035,income_tax_before_refundable_credits,0.0
scenario_035,eitc,0.0
scenario_035,ctc,0.0
scenario_035,income_tax_refundable_credits,0.0
scenario_035,snap,0.0
scenario_035,ssi,0.0
scenario_035,free_school_meals,0.0
scenario_035,is_medicaid_eligible,0.0
scenario_035,household_state_income_tax,0.0
scenario_035,household_net_income,64668.6796875
scenario_035,household_benefits,32096.0
scenario_035,household_market_income,32572.6796875
scenario_035,marginal_tax_rate,0.07649999856948853
scenario_036,income_tax,0.0
scenario_036,income_tax_before_refundable_credits,0.0
scenario_036,eitc,0.0
scenario_036,ctc,0.0
scenario_036,income_tax_refundable_credits,0.0
scenario_036,snap,779.6997680664062
scenario_036,ssi,11604.0
scenario_036,free_school_meals,0.0
scenario_036,is_medicaid_eligible,1.0
scenario_036,household_state_income_tax,0.0
scenario_036,household_net_income,12713.7001953125
scenario_036,household_benefits,12713.7001953125
scenario_036,household_market_income,0.0
scenario_036,marginal_tax_rate,0.31410056352615356
scenario_037,income_tax,0.0
scenario_037,income_tax_before_refundable_credits,0.0
scenario_037,eitc,0.0
scenario_037,ctc,0.0
scenario_037,income_tax_refundable_credits,0.0
scenario_037,snap,3658.19970703125
scenario_037,ssi,971.3203125
scenario_037,free_school_meals,0.0
scenario_037,is_medicaid_eligible,1.0
scenario_037,household_state_income_tax,-220.0
scenario_037,household_net_income,26924.19921875
scenario_037,household_benefits,15831.51953125
scenario_037,household_market_income,10872.6796875
scenario_037,marginal_tax_rate,0.3916991949081421
scenario_038,income_tax,-1857.0
scenario_038,income_tax_before_refundable_credits,0.0
scenario_038,eitc,0.0
scenario_038,ctc,6600.0
scenario_038,income_tax_refundable_credits,1857.0
scenario_038,snap,0.0
scenario_038,ssi,0.0
scenario_038,free_school_meals,0.0
scenario_038,is_medicaid_eligible,0.0
scenario_038,household_state_income_tax,858.25
scenario_038,household_net_income,70261.25
scenario_038,household_benefits,0.0
scenario_038,household_market_income,75000.0
scenario_038,marginal_tax_rate,-90.92524719238281
scenario_039,income_tax,10114.853515625
scenario_039,income_tax_before_refundable_credits,10114.853515625
scenario_039,eitc,0.0
scenario_039,ctc,4400.0
scenario_039,income_tax_refundable_credits,0.0
scenario_039,snap,0.0
scenario_039,ssi,0.0
scenario_039,free_school_meals,0.0
scenario_039,is_medicaid_eligible,0.0
scenario_039,household_state_income_tax,4114.05810546875
scenario_039,household_net_income,152384.453125
scenario_039,household_benefits,27896.0
scenario_039,household_market_income,147897.359375
scenario_039,marginal_tax_rate,0.6779999732971191
scenario_040,income_tax,0.0
scenario_040,income_tax_before_refundable_credits,0.0
scenario_040,eitc,0.0
scenario_040,ctc,0.0
scenario_040,income_tax_refundable_credits,0.0
scenario_040,snap,0.0
scenario_040,ssi,0.0
scenario_040,free_school_meals,0.0
scenario_040,is_medicaid_eligible,0.0
scenario_040,household_state_income_tax,0.0
scenario_040,household_net_income,187302.0
scenario_040,household_benefits,93600.0
scenario_040,household_market_income,93702.0
scenario_040,marginal_tax_rate,0.15299999713897705
scenario_041,income_tax,22667.0
scenario_041,income_tax_before_refundable_credits,22667.0
scenario_041,eitc,0.0
scenario_041,ctc,0.0
scenario_041,income_tax_refundable_credits,0.0
scenario_041,snap,0.0
scenario_041,ssi,0.0
scenario_041,free_school_meals,0.0
scenario_041,is_medicaid_eligible,0.0
scenario_041,household_state_income_tax,6517.125
scenario_041,household_net_income,100105.875
scenario_041,household_benefits,0.0
scenario_041,household_market_income,140000.0
scenario_041,marginal_tax_rate,0.36900001764297485
scenario_042,income_tax,15475.50390625
scenario_042,income_tax_before_refundable_credits,15475.50390625
scenario_042,eitc,0.0
scenario_042,ctc,0.0
scenario_042,income_tax_refundable_credits,0.0
scenario_042,snap,0.0
scenario_042,ssi,0.0
scenario_042,free_school_meals,0.0
scenario_042,is_medicaid_eligible,0.0
scenario_042,household_state_income_tax,4130.828125
scenario_042,household_net_income,140692.0
scenario_042,household_benefits,17597.796875
scenario_042,household_market_income,150719.25
scenario_042,marginal_tax_rate,0.6544063091278076
scenario_043,income_tax,3600.6416015625
scenario_043,income_tax_before_refundable_credits,3600.6416015625
scenario_043,eitc,0.0
scenario_043,ctc,6600.0
scenario_043,income_tax_refundable_credits,0.0
scenario_043,snap,0.0
scenario_043,ssi,0.0
scenario_043,free_school_meals,0.0
scenario_043,is_medicaid_eligible,0.0
scenario_043,household_state_income_tax,3145.138427734375
scenario_043,household_net_income,86542.0
scenario_043,household_benefits,0.0
scenario_043,household_market_income,101014.28125
scenario_043,marginal_tax_rate,-23.074296951293945
scenario_044,income_tax,3990.021728515625
scenario_044,income_tax_before_refundable_credits,3990.021728515625
scenario_044,eitc,0.0
scenario_044,ctc,0.0
scenario_044,income_tax_refundable_credits,0.0
scenario_044,snap,0.0
scenario_044,ssi,0.0
scenario_044,free_school_meals,0.0
scenario_044,is_medicaid_eligible,0.0
scenario_044,household_state_income_tax,0.0
scenario_044,household_net_income,45022.38671875
scenario_044,household_benefits,1776.0
scenario_044,household_market_income,51000.20703125
scenario_044,marginal_tax_rate,0.1965000033378601
scenario_045,income_tax,-16.34503173828125
scenario_045,income_tax_before_refundable_credits,0.0
scenario_045,eitc,16.34503173828125
scenario_045,ctc,0.0
scenario_045,income_tax_refundable_credits,16.34503173828125
scenario_045,snap,0.0
scenario_045,ssi,0.0
scenario_045,free_school_meals,0.0
scenario_045,is_medicaid_eligible,2.0
scenario_045,household_state_income_tax,-64.41960144042969
scenario_045,household_net_income,24091.763671875
scenario_045,household_benefits,0.0
scenario_045,household_market_income,26000.0
scenario_045,marginal_tax_rate,-1.2374413013458252
scenario_046,income_tax,3755.886962890625
scenario_046,income_tax_before_refundable_credits,3755.886962890625
scenario_046,eitc,0.0
scenario_046,ctc,0.0
scenario_046,income_tax_refundable_credits,0.0
scenario_046,snap,0.0
scenario_046,ssi,0.0
scenario_046,free_school_meals,0.0
scenario_046,is_medicaid_eligible,0.0
scenario_046,household_state_income_tax,1662.3515625
scenario_046,household_net_income,39949.83984375
scenario_046,household_benefits,0.0
scenario_046,household_market_income,49036.55859375
scenario_046,marginal_tax_rate,0.25449997186660767
scenario_047,income_tax,0.0
scenario_047,income_tax_before_refundable_credits,0.0
scenario_047,eitc,0.0
scenario_047,ctc,0.0
scenario_047,income_tax_refundable_credits,0.0
scenario_047,snap,281.760009765625
scenario_047,ssi,0.0
scenario_047,free_school_meals,0.0
scenario_047,is_medicaid_eligible,0.0
scenario_047,household_state_income_tax,0.0
scenario_047,household_net_income,59775.09375
scenario_047,household_benefits,18569.759765625
scenario_047,household_market_income,43607.359375
scenario_047,marginal_tax_rate,0.1412968635559082
scenario_048,income_tax,31594.009765625
scenario_048,income_tax_before_refundable_credits,31594.009765625
scenario_048,eitc,0.0
scenario_048,ctc,0.0
scenario_048,income_tax_refundable_credits,0.0
scenario_048,snap,0.0
scenario_048,ssi,0.0
scenario_048,free_school_meals,0.0
scenario_048,is_medicaid_eligible,0.0
scenario_048,household_state_income_tax,13998.53125
scenario_048,household_net_income,316351.15625
scenario_048,household_benefits,32786.91015625
scenario_048,household_market_income,329156.78125
scenario_048,marginal_tax_rate,0.8589999675750732
scenario_049,income_tax,0.0
scenario_049,income_tax_before_refundable_credits,0.0
scenario_049,eitc,0.0
scenario_049,ctc,0.0
scenario_049,income_tax_refundable_credits,0.0
scenario_049,snap,3522.0
scenario_049,ssi,0.0
scenario_049,free_school_meals,0.0
scenario_049,is_medicaid_eligible,1.0
scenario_049,household_state_income_tax,-19.0
scenario_049,household_net_income,15931.0
scenario_049,household_benefits,15912.0
scenario_049,household_market_income,0.0
scenario_049,marginal_tax_rate,-0.038249969482421875
scenario_050,income_tax,0.0
scenario_050,income_tax_before_refundable_credits,0.0
scenario_050,eitc,0.0
scenario_050,ctc,0.0
scenario_050,income_tax_refundable_credits,0.0
scenario_050,snap,219.79995727539062
scenario_050,ssi,0.0
scenario_050,free_school_meals,0.0
scenario_050,is_medicaid_eligible,2.0
scenario_050,household_state_income_tax,1067.3836669921875
scenario_050,household_net_income,26817.59765625
scenario_050,household_benefits,1914.7999267578125
scenario_050,household_market_income,28035.6796875
scenario_050,marginal_tax_rate,0.12808597087860107
scenario_051,income_tax,656.7279052734375
scenario_051,income_tax_before_refundable_credits,656.7279052734375
scenario_051,eitc,0.0
scenario_051,ctc,0.0
scenario_051,income_tax_refundable_credits,0.0
scenario_051,snap,0.0
scenario_051,ssi,0.0
scenario_051,free_school_meals,0.0
scenario_051,is_medicaid_eligible,0.0
scenario_051,household_state_income_tax,148.54025268554688
scenario_051,household_net_income,65814.7578125
scenario_051,household_benefits,20920.005859375
scenario_051,household_market_income,45700.015625
scenario_051,marginal_tax_rate,0.33949220180511475
scenario_052,income_tax,-4035.0
scenario_052,income_tax_before_refundable_credits,0.0
scenario_052,eitc,3060.0
scenario_052,ctc,2200.0
scenario_052,income_tax_refundable_credits,4035.0
scenario_052,snap,2758.5
scenario_052,ssi,7614.0
scenario_052,free_school_meals,1116.0
scenario_052,is_medicaid_eligible,2.0
scenario_052,household_state_income_tax,-612.0
scenario_052,household_net_income,24447.0
scenario_052,household_benefits,11488.5
scenario_052,household_market_income,9000.0
scenario_052,marginal_tax_rate,-3.4339728355407715
scenario_053,income_tax,0.0
scenario_053,income_tax_before_refundable_credits,0.0
scenario_053,eitc,0.0
scenario_053,ctc,0.0
scenario_053,income_tax_refundable_credits,0.0
scenario_053,snap,0.0
scenario_053,ssi,0.0
scenario_053,free_school_meals,0.0
scenario_053,is_medicaid_eligible,0.0
scenario_053,household_state_income_tax,-100.0
scenario_053,household_net_income,40766.0
scenario_053,household_benefits,20430.0
scenario_053,household_market_income,20236.0
scenario_053,marginal_tax_rate,0.12650001049041748
scenario_054,income_tax,19750.2421875
scenario_054,income_tax_before_refundable_credits,19750.2421875
scenario_054,eitc,0.0
scenario_054,ctc,0.0
scenario_054,income_tax_refundable_credits,0.0
scenario_054,snap,0.0
scenario_054,ssi,0.0
scenario_054,free_school_meals,0.0
scenario_054,is_medicaid_eligible,0.0
scenario_054,household_state_income_tax,1852.4967041015625
scenario_054,household_net_income,154545.953125
scenario_054,household_benefits,38040.0
scenario_054,household_market_income,138108.6875
scenario_054,marginal_tax_rate,0.36543750762939453
scenario_055,income_tax,743.0
scenario_055,income_tax_before_refundable_credits,743.0
scenario_055,eitc,0.0
scenario_055,ctc,2200.0
scenario_055,income_tax_refundable_credits,0.0
scenario_055,snap,0.0
scenario_055,ssi,0.0
scenario_055,free_school_meals,0.0
scenario_055,is_medicaid_eligible,0.0
scenario_055,household_state_income_tax,330.53399658203125
scenario_055,household_net_income,54336.46484375
scenario_055,household_benefits,0.0
scenario_055,household_market_income,60000.0
scenario_055,marginal_tax_rate,-9.14900016784668
scenario_056,income_tax,0.0
scenario_056,income_tax_before_refundable_credits,0.0
scenario_056,eitc,0.0
scenario_056,ctc,0.0
scenario_056,income_tax_refundable_credits,0.0
scenario_056,snap,3522.0
scenario_056,ssi,0.0
scenario_056,free_school_meals,0.0
scenario_056,is_medicaid_eligible,1.0
scenario_056,household_state_income_tax,-200.0
scenario_056,household_net_income,3722.0
scenario_056,household_benefits,3522.0
scenario_056,household_market_income,0.0
scenario_056,marginal_tax_rate,0.07649999856948853
scenario_057,income_tax,98656.28125
scenario_057,income_tax_before_refundable_credits,98656.28125
scenario_057,eitc,0.0
scenario_057,ctc,0.0
scenario_057,income_tax_refundable_credits,0.0
scenario_057,snap,0.0
scenario_057,ssi,0.0
scenario_057,free_school_meals,0.0
scenario_057,is_medicaid_eligible,0.0
scenario_057,household_state_income_tax,0.0
scenario_057,household_net_income,453764.65625
scenario_057,household_benefits,66084.421875
scenario_057,household_market_income,494417.5625
scenario_057,marginal_tax_rate,0.7929999828338623
scenario_058,income_tax,13693.3349609375
scenario_058,income_tax_before_refundable_credits,13693.3349609375
scenario_058,eitc,0.0
scenario_058,ctc,2200.0
scenario_058,income_tax_refundable_credits,0.0
scenario_058,snap,0.0
scenario_058,ssi,0.0
scenario_058,free_school_meals,0.0
scenario_058,is_medicaid_eligible,0.0
scenario_058,household_state_income_tax,6330.69970703125
scenario_058,household_net_income,118632.765625
scenario_058,household_benefits,0.0
scenario_058,household_market_income,149978.796875
scenario_058,marginal_tax_rate,-49.2165641784668
scenario_059,income_tax,36014.75390625
scenario_059,income_tax_before_refundable_credits,36014.75390625
scenario_059,eitc,0.0
scenario_059,ctc,0.0
scenario_059,income_tax_refundable_credits,0.0
scenario_059,snap,0.0
scenario_059,ssi,0.0
scenario_059,free_school_meals,0.0
scenario_059,is_medicaid_eligible,0.0
scenario_059,household_state_income_tax,14786.8095703125
scenario_059,household_net_income,173046.53125
scenario_059,household_benefits,0.0
scenario_059,household_market_income,241519.59375
scenario_059,marginal_tax_rate,0.7734375
scenario_060,income_tax,0.0
scenario_060,income_tax_before_refundable_credits,0.0
scenario_060,eitc,0.0
scenario_060,ctc,0.0
scenario_060,income_tax_refundable_credits,0.0
scenario_060,snap,779.6997680664062
scenario_060,ssi,11604.0
scenario_060,free_school_meals,0.0
scenario_060,is_medicaid_eligible,1.0
scenario_060,household_state_income_tax,0.0
scenario_060,household_net_income,12383.7001953125
scenario_060,household_benefits,12383.7001953125
scenario_060,household_market_income,0.0
scenario_060,marginal_tax_rate,0.23760056495666504
scenario_061,income_tax,0.0
scenario_061,income_tax_before_refundable_credits,0.0
scenario_061,eitc,0.0
scenario_061,ctc,0.0
scenario_061,income_tax_refundable_credits,0.0
scenario_061,snap,779.6997680664062
scenario_061,ssi,11604.0
scenario_061,free_school_meals,0.0
scenario_061,is_medicaid_eligible,1.0
scenario_061,household_state_income_tax,0.0
scenario_061,household_net_income,17145.537109375
scenario_061,household_benefits,17139.41796875
scenario_061,household_market_income,6.119999885559082
scenario_061,marginal_tax_rate,0.25267577171325684
scenario_062,income_tax,4831.56494140625
scenario_062,income_tax_before_refundable_credits,4831.56494140625
scenario_062,eitc,0.0
scenario_062,ctc,0.0
scenario_062,income_tax_refundable_credits,0.0
scenario_062,snap,0.0
scenario_062,ssi,0.0
scenario_062,free_school_meals,0.0
scenario_062,is_medicaid_eligible,0.0
scenario_062,household_state_income_tax,0.0
scenario_062,household_net_income,134557.265625
scenario_062,household_benefits,28404.0
scenario_062,household_market_income,116636.65625
scenario_062,marginal_tax_rate,0.42701560258865356
scenario_063,income_tax,0.0
scenario_063,income_tax_before_refundable_credits,0.0
scenario_063,eitc,0.0
scenario_063,ctc,0.0
scenario_063,income_tax_refundable_credits,0.0
scenario_063,snap,779.6997680664062
scenario_063,ssi,11604.0
scenario_063,free_school_meals,0.0
scenario_063,is_medicaid_eligible,1.0
scenario_063,household_state_income_tax,3.0
scenario_063,household_net_income,12380.7001953125
scenario_063,household_benefits,12383.7001953125
scenario_063,household_market_income,0.0
scenario_063,marginal_tax_rate,0.22230076789855957
scenario_064,income_tax,4673.8466796875
scenario_064,income_tax_before_refundable_credits,4673.8466796875
scenario_064,eitc,0.0
scenario_064,ctc,0.0
scenario_064,income_tax_refundable_credits,0.0
scenario_064,snap,0.0
scenario_064,ssi,0.0
scenario_064,free_school_meals,0.0
scenario_064,is_medicaid_eligible,0.0
scenario_064,household_state_income_tax,3643.3798828125
scenario_064,household_net_income,162250.625
scenario_064,household_benefits,0.0
scenario_064,household_market_income,173168.84375
scenario_064,marginal_tax_rate,0.5748125314712524
scenario_065,income_tax,-649.0
scenario_065,income_tax_before_refundable_credits,0.0
scenario_065,eitc,649.0
scenario_065,ctc,0.0
scenario_065,income_tax_refundable_credits,649.0
scenario_065,snap,526.4996337890625
scenario_065,ssi,10711.947265625
scenario_065,free_school_meals,0.0
scenario_065,is_medicaid_eligible,2.0
scenario_065,household_state_income_tax,0.0
scenario_065,household_net_income,25849.9375
scenario_065,household_benefits,11898.447265625
scenario_065,household_market_income,14396.1064453125
scenario_065,marginal_tax_rate,1.3330038785934448
scenario_066,income_tax,0.0
scenario_066,income_tax_before_refundable_credits,0.0
scenario_066,eitc,0.0
scenario_066,ctc,0.0
scenario_066,income_tax_refundable_credits,0.0
scenario_066,snap,3522.0
scenario_066,ssi,0.0
scenario_066,free_school_meals,0.0
scenario_066,is_medicaid_eligible,0.0
scenario_066,household_state_income_tax,0.0
scenario_066,household_net_income,3522.0
scenario_066,household_benefits,3522.0
scenario_066,household_market_income,0.0
scenario_066,marginal_tax_rate,0.07649999856948853
scenario_067,income_tax,-6028.0
scenario_067,income_tax_before_refundable_credits,0.0
scenario_067,eitc,4328.0
scenario_067,ctc,2200.0
scenario_067,income_tax_refundable_credits,6028.0
scenario_067,snap,0.0
scenario_067,ssi,0.0
scenario_067,free_school_meals,1116.0
scenario_067,is_medicaid_eligible,2.0
scenario_067,household_state_income_tax,-4300.2216796875
scenario_067,household_net_income,30837.72265625
scenario_067,household_benefits,1116.0
scenario_067,household_market_income,21000.0
scenario_067,marginal_tax_rate,-1.8468008041381836
scenario_068,income_tax,0.0
scenario_068,income_tax_before_refundable_credits,0.0
scenario_068,eitc,0.0
scenario_068,ctc,0.0
scenario_068,income_tax_refundable_credits,0.0
scenario_068,snap,707.6997680664062
scenario_068,ssi,1274.48046875
scenario_068,free_school_meals,0.0
scenario_068,is_medicaid_eligible,1.0
scenario_068,household_state_income_tax,0.0
scenario_068,household_net_income,23441.69921875
scenario_068,household_benefits,12872.1806640625
scenario_068,household_market_income,10569.51953125
scenario_068,marginal_tax_rate,0.3916991949081421
scenario_069,income_tax,-5483.98193359375
scenario_069,income_tax_before_refundable_credits,0.0
scenario_069,eitc,1826.98193359375
scenario_069,ctc,6600.0
scenario_069,income_tax_refundable_credits,5483.98193359375
scenario_069,snap,0.0
scenario_069,ssi,0.0
scenario_069,free_school_meals,0.0
scenario_069,is_medicaid_eligible,3.0
scenario_069,household_state_income_tax,1784.070068359375
scenario_069,household_net_income,62079.9140625
scenario_069,household_benefits,2970.0
scenario_069,household_market_income,60000.0
scenario_069,marginal_tax_rate,0.026140570640563965
scenario_070,income_tax,0.0
scenario_070,income_tax_before_refundable_credits,0.0
scenario_070,eitc,0.0
scenario_070,ctc,0.0
scenario_070,income_tax_refundable_credits,0.0
scenario_070,snap,3334.19970703125
scenario_070,ssi,0.0
scenario_070,free_school_meals,0.0
scenario_070,is_medicaid_eligible,1.0
scenario_070,household_state_income_tax,-220.0
scenario_070,household_net_income,29708.6796875
scenario_070,household_benefits,16564.19921875
scenario_070,household_market_income,12924.48046875
scenario_070,marginal_tax_rate,0.31409960985183716
scenario_071,income_tax,10658.1328125
scenario_071,income_tax_before_refundable_credits,10658.1328125
scenario_071,eitc,0.0
scenario_071,ctc,2200.0
scenario_071,income_tax_refundable_credits,0.0
scenario_071,snap,0.0
scenario_071,ssi,0.0
scenario_071,free_school_meals,0.0
scenario_071,is_medicaid_eligible,0.0
scenario_071,household_state_income_tax,0.0
scenario_071,household_net_income,117766.640625
scenario_071,household_benefits,0.0
scenario_071,household_market_income,140030.203125
scenario_071,marginal_tax_rate,-4.329429626464844
scenario_072,income_tax,0.0
scenario_072,income_tax_before_refundable_credits,0.0
scenario_072,eitc,0.0
scenario_072,ctc,0.0
scenario_072,income_tax_refundable_credits,0.0
scenario_072,snap,0.0
scenario_072,ssi,0.0
scenario_072,free_school_meals,0.0
scenario_072,is_medicaid_eligible,0.0
scenario_072,household_state_income_tax,14.564905166625977
scenario_072,household_net_income,59781.72265625
scenario_072,household_benefits,21287.0234375
scenario_072,household_market_income,38509.265625
scenario_072,marginal_tax_rate,0.12999999523162842
scenario_073,income_tax,1471.5
scenario_073,income_tax_before_refundable_credits,1471.5
scenario_073,eitc,0.0
scenario_073,ctc,0.0
scenario_073,income_tax_refundable_credits,0.0
scenario_073,snap,0.0
scenario_073,ssi,0.0
scenario_073,free_school_meals,0.0
scenario_073,is_medicaid_eligible,0.0
scenario_073,household_state_income_tax,1356.925048828125
scenario_073,household_net_income,24876.57421875
scenario_073,household_benefits,0.0
scenario_073,household_market_income,30000.0
scenario_073,marginal_tax_rate,0.25099998712539673
scenario_074,income_tax,1162.541015625
scenario_074,income_tax_before_refundable_credits,1162.541015625
scenario_074,eitc,0.0
scenario_074,ctc,0.0
scenario_074,income_tax_refundable_credits,0.0
scenario_074,snap,0.0
scenario_074,ssi,0.0
scenario_074,free_school_meals,0.0
scenario_074,is_medicaid_eligible,0.0
scenario_074,household_state_income_tax,1153.1434326171875
scenario_074,household_net_income,33059.7265625
scenario_074,household_benefits,0.0
scenario_074,household_market_income,35375.41015625
scenario_074,marginal_tax_rate,0.23730862140655518
scenario_075,income_tax,0.0
scenario_075,income_tax_before_refundable_credits,0.0
scenario_075,eitc,0.0
scenario_075,ctc,4400.0
scenario_075,income_tax_refundable_credits,0.0
scenario_075,snap,7907.09912109375
scenario_075,ssi,0.0
scenario_075,free_school_meals,2232.0
scenario_075,is_medicaid_eligible,3.0
scenario_075,household_state_income_tax,-404.9897766113281
scenario_075,household_net_income,17540.08984375
scenario_075,household_benefits,17135.099609375
scenario_075,household_market_income,0.0
scenario_075,marginal_tax_rate,-0.18769919872283936
scenario_076,income_tax,-3.8249998092651367
scenario_076,income_tax_before_refundable_credits,0.0
scenario_076,eitc,3.8249998092651367
scenario_076,ctc,0.0
scenario_076,income_tax_refundable_credits,3.8249998092651367
scenario_076,snap,3522.0
scenario_076,ssi,0.0
scenario_076,free_school_meals,0.0
scenario_076,is_medicaid_eligible,0.0
scenario_076,household_state_income_tax,0.0
scenario_076,household_net_income,3572.0
scenario_076,household_benefits,3522.0
scenario_076,household_market_income,50.0
scenario_076,marginal_tax_rate,0.0
scenario_077,income_tax,0.0
scenario_077,income_tax_before_refundable_credits,0.0
scenario_077,eitc,0.0
scenario_077,ctc,0.0
scenario_077,income_tax_refundable_credits,0.0
scenario_077,snap,779.6997680664062
scenario_077,ssi,11604.0
scenario_077,free_school_meals,0.0
scenario_077,is_medicaid_eligible,1.0
scenario_077,household_state_income_tax,0.0
scenario_077,household_net_income,12383.7001953125
scenario_077,household_benefits,12383.7001953125
scenario_077,household_market_income,0.0
scenario_077,marginal_tax_rate,0.22230076789855957
scenario_078,income_tax,13651.333984375
scenario_078,income_tax_before_refundable_credits,13651.333984375
scenario_078,eitc,0.0
scenario_078,ctc,0.0
scenario_078,income_tax_refundable_credits,0.0
scenario_078,snap,0.0
scenario_078,ssi,0.0
scenario_078,free_school_meals,0.0
scenario_078,is_medicaid_eligible,0.0
scenario_078,household_state_income_tax,0.0
scenario_078,household_net_income,231814.90625
scenario_078,household_benefits,67132.0
scenario_078,household_market_income,196632.0
scenario_078,marginal_tax_rate,0.6342812776565552
scenario_079,income_tax,2920.99365234375
scenario_079,income_tax_before_refundable_credits,2920.99365234375
scenario_079,eitc,0.0
scenario_079,ctc,2200.0
scenario_079,income_tax_refundable_credits,0.0
scenario_079,snap,0.0
scenario_079,ssi,0.0
scenario_079,free_school_meals,0.0
scenario_079,is_medicaid_eligible,0.0
scenario_079,household_state_income_tax,2352.70556640625
scenario_079,household_net_income,58581.08203125
scenario_079,household_benefits,0.0
scenario_079,household_market_income,69133.28125
scenario_079,marginal_tax_rate,-3.755218982696533
scenario_080,income_tax,-8852.0
scenario_080,income_tax_before_refundable_credits,0.0
scenario_080,eitc,7152.0
scenario_080,ctc,2700.0
scenario_080,income_tax_refundable_credits,8852.0
scenario_080,snap,5703.60009765625
scenario_080,ssi,0.0
scenario_080,free_school_meals,1116.0
scenario_080,is_medicaid_eligible,2.0
scenario_080,household_state_income_tax,0.0
scenario_080,household_net_income,55494.2421875
scenario_080,household_benefits,20321.572265625
scenario_080,household_market_income,28501.0
scenario_080,marginal_tax_rate,-6.730202674865723
scenario_081,income_tax,1179.800048828125
scenario_081,income_tax_before_refundable_credits,1179.800048828125
scenario_081,eitc,0.0
scenario_081,ctc,0.0
scenario_081,income_tax_refundable_credits,0.0
scenario_081,snap,281.760009765625
scenario_081,ssi,0.0
scenario_081,free_school_meals,0.0
scenario_081,is_medicaid_eligible,0.0
scenario_081,household_state_income_tax,0.0
scenario_081,household_net_income,29438.458984375
scenario_081,household_benefits,4829.759765625
scenario_081,household_market_income,27548.0
scenario_081,marginal_tax_rate,0.19396096467971802
scenario_082,income_tax,0.0
scenario_082,income_tax_before_refundable_credits,0.0
scenario_082,eitc,0.0
scenario_082,ctc,0.0
scenario_082,income_tax_refundable_credits,0.0
scenario_082,snap,0.0
scenario_082,ssi,0.0
scenario_082,free_school_meals,0.0
scenario_082,is_medicaid_eligible,0.0
scenario_082,household_state_income_tax,-100.0
scenario_082,household_net_income,38906.0
scenario_082,household_benefits,19330.0
scenario_082,household_market_income,19476.0
scenario_082,marginal_tax_rate,0.12650001049041748
scenario_083,income_tax,0.0
scenario_083,income_tax_before_refundable_credits,0.0
scenario_083,eitc,0.0
scenario_083,ctc,0.0
scenario_083,income_tax_refundable_credits,0.0
scenario_083,snap,0.0
scenario_083,ssi,0.0
scenario_083,free_school_meals,0.0
scenario_083,is_medicaid_eligible,0.0
scenario_083,household_state_income_tax,0.0
scenario_083,household_net_income,27620.078125
scenario_083,household_benefits,0.0
scenario_083,household_market_income,30750.0
scenario_083,marginal_tax_rate,-4.92585563659668
scenario_084,income_tax,0.0
scenario_084,income_tax_before_refundable_credits,0.0
scenario_084,eitc,0.0
scenario_084,ctc,0.0
scenario_084,income_tax_refundable_credits,0.0
scenario_084,snap,281.760009765625
scenario_084,ssi,8014.0
scenario_084,free_school_meals,0.0
scenario_084,is_medicaid_eligible,1.0
scenario_084,household_state_income_tax,86.26447296142578
scenario_084,household_net_income,15782.1962890625
scenario_084,household_benefits,8295.759765625
scenario_084,household_market_income,8200.0
scenario_084,marginal_tax_rate,0.6281015872955322
scenario_085,income_tax,573.6964111328125
scenario_085,income_tax_before_refundable_credits,573.6964111328125
scenario_085,eitc,0.0
scenario_085,ctc,0.0
scenario_085,income_tax_refundable_credits,0.0
scenario_085,snap,281.760009765625
scenario_085,ssi,0.0
scenario_085,free_school_meals,0.0
scenario_085,is_medicaid_eligible,1.0
scenario_085,household_state_income_tax,357.33203125
scenario_085,household_net_income,19538.140625
scenario_085,household_benefits,281.760009765625
scenario_085,household_market_income,22000.0
scenario_085,marginal_tax_rate,0.23460155725479126
scenario_086,income_tax,6389.39990234375
scenario_086,income_tax_before_refundable_credits,6389.39990234375
scenario_086,eitc,0.0
scenario_086,ctc,0.0
scenario_086,income_tax_refundable_credits,0.0
scenario_086,snap,0.0
scenario_086,ssi,0.0
scenario_086,free_school_meals,0.0
scenario_086,is_medicaid_eligible,0.0
scenario_086,household_state_income_tax,2127.0
scenario_086,household_net_income,73624.6015625
scenario_086,household_benefits,0.0
scenario_086,household_market_income,88720.0
scenario_086,marginal_tax_rate,0.46800005435943604
scenario_087,income_tax,0.0
scenario_087,income_tax_before_refundable_credits,0.0
scenario_087,eitc,0.0
scenario_087,ctc,0.0
scenario_087,income_tax_refundable_credits,0.0
scenario_087,snap,839.69970703125
scenario_087,ssi,0.0
scenario_087,free_school_meals,0.0
scenario_087,is_medicaid_eligible,2.0
scenario_087,household_state_income_tax,6.0
scenario_087,household_net_income,45727.69921875
scenario_087,household_benefits,21275.69921875
scenario_087,household_market_income,24458.0
scenario_087,marginal_tax_rate,0.6353983879089355
scenario_088,income_tax,4743.0
scenario_088,income_tax_before_refundable_credits,4743.0
scenario_088,eitc,0.0
scenario_088,ctc,0.0
scenario_088,income_tax_refundable_credits,0.0
scenario_088,snap,0.0
scenario_088,ssi,0.0
scenario_088,free_school_meals,0.0
scenario_088,is_medicaid_eligible,0.0
scenario_088,household_state_income_tax,2830.75
scenario_088,household_net_income,61688.75
scenario_088,household_benefits,0.0
scenario_088,household_market_income,75000.0
scenario_088,marginal_tax_rate,0.4880000352859497
scenario_089,income_tax,0.0
scenario_089,income_tax_before_refundable_credits,0.0
scenario_089,eitc,0.0
scenario_089,ctc,0.0
scenario_089,income_tax_refundable_credits,0.0
scenario_089,snap,711.300048828125
scenario_089,ssi,1502.6396484375
scenario_089,free_school_meals,0.0
scenario_089,is_medicaid_eligible,1.0
scenario_089,household_state_income_tax,0.0
scenario_089,household_net_income,12885.2998046875
scenario_089,household_benefits,2543.939697265625
scenario_089,household_market_income,10341.3603515625
scenario_089,marginal_tax_rate,0.3952997922897339
scenario_090,income_tax,0.0
scenario_090,income_tax_before_refundable_credits,0.0
scenario_090,eitc,0.0
scenario_090,ctc,0.0
scenario_090,income_tax_refundable_credits,0.0
scenario_090,snap,1980.8995361328125
scenario_090,ssi,17400.0
scenario_090,free_school_meals,0.0
scenario_090,is_medicaid_eligible,2.0
scenario_090,household_state_income_tax,0.0
scenario_090,household_net_income,18303.962890625
scenario_090,household_benefits,20040.900390625
scenario_090,household_market_income,-1736.9381103515625
scenario_090,marginal_tax_rate,0.6281992197036743
scenario_091,income_tax,0.0
scenario_091,income_tax_before_refundable_credits,0.0
scenario_091,eitc,0.0
scenario_091,ctc,0.0
scenario_091,income_tax_refundable_credits,0.0
scenario_091,snap,281.760009765625
scenario_091,ssi,0.0
scenario_091,free_school_meals,0.0
scenario_091,is_medicaid_eligible,0.0
scenario_091,household_state_income_tax,0.0
scenario_091,household_net_income,-7113.25
scenario_091,household_benefits,27978.7265625
scenario_091,household_market_income,-35091.9765625
scenario_091,marginal_tax_rate,0.15299999713897705
scenario_092,income_tax,2731.59619140625
scenario_092,income_tax_before_refundable_credits,2731.59619140625
scenario_092,eitc,0.0
scenario_092,ctc,0.0
scenario_092,income_tax_refundable_credits,0.0
scenario_092,snap,0.0
scenario_092,ssi,0.0
scenario_092,free_school_meals,0.0
scenario_092,is_medicaid_eligible,0.0
scenario_092,household_state_income_tax,0.0
scenario_092,household_net_income,34671.15234375
scenario_092,household_benefits,0.0
scenario_092,household_market_income,40501.0
scenario_092,marginal_tax_rate,0.19649606943130493
scenario_093,income_tax,-2075.0
scenario_093,income_tax_before_refundable_credits,0.0
scenario_093,eitc,1700.0
scenario_093,ctc,2200.0
scenario_093,income_tax_refundable_credits,2075.0
scenario_093,snap,0.0
scenario_093,ssi,0.0
scenario_093,free_school_meals,1116.0
scenario_093,is_medicaid_eligible,2.0
scenario_093,household_state_income_tax,-1445.0
scenario_093,household_net_income,20413.5
scenario_093,household_benefits,12276.0
scenario_093,household_market_income,5000.0
scenario_093,marginal_tax_rate,-3.115398406982422
scenario_094,income_tax,2871.47802734375
scenario_094,income_tax_before_refundable_credits,2871.47802734375
scenario_094,eitc,0.0
scenario_094,ctc,0.0
scenario_094,income_tax_refundable_credits,0.0
scenario_094,snap,0.0
scenario_094,ssi,0.0
scenario_094,free_school_meals,0.0
scenario_094,is_medicaid_eligible,0.0
scenario_094,household_state_income_tax,962.002197265625
scenario_094,household_net_income,34645.51953125
scenario_094,household_benefits,0.0
scenario_094,household_market_income,41666.484375
scenario_094,marginal_tax_rate,0.23000001907348633
scenario_095,income_tax,3769.041259765625
scenario_095,income_tax_before_refundable_credits,3769.041259765625
scenario_095,eitc,0.0
scenario_095,ctc,0.0
scenario_095,income_tax_refundable_credits,0.0
scenario_095,snap,0.0
scenario_095,ssi,0.0
scenario_095,free_school_meals,0.0
scenario_095,is_medicaid_eligible,0.0
scenario_095,household_state_income_tax,2377.863037109375
scenario_095,household_net_income,59299.0625
scenario_095,household_benefits,0.0
scenario_095,household_market_income,69975.0546875
scenario_095,marginal_tax_rate,0.49826955795288086
scenario_096,income_tax,54066.05078125
scenario_096,income_tax_before_refundable_credits,54066.05078125
scenario_096,eitc,0.0
scenario_096,ctc,0.0
scenario_096,income_tax_refundable_credits,0.0
scenario_096,snap,0.0
scenario_096,ssi,0.0
scenario_096,free_school_meals,0.0
scenario_096,is_medicaid_eligible,0.0
scenario_096,household_state_income_tax,0.0
scenario_096,household_net_income,237702.21875
scenario_096,household_benefits,0.0
scenario_096,household_market_income,316208.96875
scenario_096,marginal_tax_rate,0.5889999866485596
scenario_097,income_tax,0.0
scenario_097,income_tax_before_refundable_credits,0.0
scenario_097,eitc,0.0
scenario_097,ctc,0.0
scenario_097,income_tax_refundable_credits,0.0
scenario_097,snap,0.0
scenario_097,ssi,0.0
scenario_097,free_school_meals,0.0
scenario_097,is_medicaid_eligible,0.0
scenario_097,household_state_income_tax,0.0
scenario_097,household_net_income,42017.0
scenario_097,household_benefits,12000.0
scenario_097,household_market_income,30017.0
scenario_097,marginal_tax_rate,0.07649999856948853
scenario_098,income_tax,53972.97265625
scenario_098,income_tax_before_refundable_credits,53972.97265625
scenario_098,eitc,0.0
scenario_098,ctc,0.0
scenario_098,income_tax_refundable_credits,0.0
scenario_098,snap,0.0
scenario_098,ssi,0.0
scenario_098,free_school_meals,0.0
scenario_098,is_medicaid_eligible,0.0
scenario_098,household_state_income_tax,15501.8095703125
scenario_098,household_net_income,225629.40625
scenario_098,household_benefits,3680.0
scenario_098,household_market_income,315679.1875
scenario_098,marginal_tax_rate,0.7510000467300415
scenario_099,income_tax,14682.14453125
scenario_099,income_tax_before_refundable_credits,14682.14453125
scenario_099,eitc,0.0
scenario_099,ctc,0.0
scenario_099,income_tax_refundable_credits,0.0
scenario_099,snap,0.0
scenario_099,ssi,0.0
scenario_099,free_school_meals,0.0
scenario_099,is_medicaid_eligible,0.0
scenario_099,household_state_income_tax,0.0
scenario_099,household_net_income,118832.859375
scenario_099,household_benefits,25200.0
scenario_099,household_market_income,115200.0
scenario_099,marginal_tax_rate,0.30970311164855957
