scenario_id,state,filing_status,num_adults,num_children,total_income,source_dataset,scenario_json
scenario_000,PA,single,1,0,-148008.5909423828,enhanced_cps_2024,"{""adults"":[{""age"":63,""employment_income"":0.0,""inputs"":{""long_term_capital_gains"":-1862.4451904296875,""self_employment_income"":-144904.515625,""short_term_capital_gains"":-1241.630126953125},""name"":""adult1""}],""children"":[],""filing_status"":""single"",""id"":""scenario_000"",""metadata"":{""dataset_year"":2024,""household_id"":102085,""tax_unit_id"":10208502},""source_dataset"":""enhanced_cps_2024"",""state"":""PA"",""year"":2025}"
scenario_001,ME,single,1,0,29040.0,enhanced_cps_2024,"{""adults"":[{""age"":54,""employment_income"":29000.0,""inputs"":{""weekly_hours_worked"":40.0},""name"":""adult1""}],""children"":[],""filing_status"":""single"",""id"":""scenario_001"",""metadata"":{""dataset_year"":2024,""household_id"":45356,""tax_unit_id"":4535601},""source_dataset"":""enhanced_cps_2024"",""state"":""ME"",""year"":2025}"
scenario_002,CO,joint,2,0,96858.27799510956,enhanced_cps_2024,"{""adults"":[{""age"":72,""employment_income"":0.0,""inputs"":{""long_term_capital_gains"":2047.558349609375,""qualified_dividend_income"":109.02139282226562,""social_security_retirement"":31074.162109375,""taxable_interest_income"":282.92919921875,""taxable_ira_distributions"":8225.130859375,""taxable_private_pension_income"":46081.12890625},""name"":""adult1""},{""age"":69,""employment_income"":3823.995361328125,""inputs"":{""social_security_retirement"":4678.9228515625,""taxable_interest_income"":5.1873273849487305,""taxable_private_pension_income"":515.2416381835938,""weekly_hours_worked"":15.0},""name"":""adult2""}],""children"":[],""filing_status"":""joint"",""id"":""scenario_002"",""metadata"":{""dataset_year"":2024,""household_id"":127626,""tax_unit_id"":12762602},""source_dataset"":""enhanced_cps_2024"",""state"":""CO"",""year"":2025}"
scenario_003,MA,joint,2,0,98064.0,enhanced_cps_2024,"{""adults"":[{""age"":64,""employment_income"":47996.0,""inputs"":{""is_blind"":true,""is_disabled"":true,""weekly_hours_worked"":30.0},""name"":""adult1""},{""age"":56,""employment_income"":49998.0,""inputs"":{""weekly_hours_worked"":40.0},""name"":""adult2""}],""children"":[],""filing_status"":""joint"",""id"":""scenario_003"",""metadata"":{""dataset_year"":2024,""household_id"":82813,""tax_unit_id"":8281301},""source_dataset"":""enhanced_cps_2024"",""state"":""MA"",""year"":2025}"
scenario_004,PA,single,1,0,0.0,enhanced_cps_2024,"{""adults"":[{""age"":64,""employment_income"":0.0,""inputs"":{},""name"":""adult1""}],""children"":[],""filing_status"":""single"",""id"":""scenario_004"",""metadata"":{""dataset_year"":2024,""household_id"":10754,""tax_unit_id"":1075401},""source_dataset"":""enhanced_cps_2024"",""state"":""PA"",""year"":2025}"
scenario_005,NY,joint,2,0,85205.19848060608,enhanced_cps_2024,"{""adults"":[{""age"":29,""employment_income"":25841.54296875,""inputs"":{""weekly_hours_worked"":40.0},""name"":""adult1""},{""age"":28,""employment_income"":30224.095703125,""inputs"":{""social_security_retirement"":3976.675048828125,""taxable_interest_income"":19.3164005279541,""taxable_private_pension_income"":25063.568359375,""weekly_hours_worked"":40.0},""name"":""adult2""}],""children"":[],""filing_status"":""joint"",""id"":""scenario_005"",""metadata"":{""dataset_year"":2024,""household_id"":167479,""tax_unit_id"":16747902},""source_dataset"":""enhanced_cps_2024"",""state"":""NY"",""year"":2025}"
scenario_006,TX,joint,2,3,1445.4539031982422,enhanced_cps_2024,"{""adults"":[{""age"":38,""employment_income"":0.0,""inputs"":{""taxable_interest_income"":127.19218444824219},""name"":""adult1""},{""age"":36,""employment_income"":0.0,""inputs"":{""self_employment_income"":1308.26171875,""weekly_hours_worked"":10.0},""name"":""adult2""}],""children"":[{""age"":16,""employment_income"":0.0,""inputs"":{},""name"":""child1""},{""age"":11,""employment_income"":0.0,""inputs"":{},""name"":""child2""},{""age"":3,""employment_income"":0.0,""inputs"":{},""name"":""child3""}],""filing_status"":""joint"",""id"":""scenario_006"",""metadata"":{""dataset_year"":2024,""household_id"":99315,""tax_unit_id"":9931502},""source_dataset"":""enhanced_cps_2024"",""state"":""TX"",""year"":2025}"
scenario_007,FL,joint,2,0,146634.01113891602,enhanced_cps_2024,"{""adults"":[{""age"":77,""employment_income"":0.0,""inputs"":{""is_disabled"":true,""long_term_capital_gains"":6232.94287109375,""qualified_dividend_income"":57965.87890625,""short_term_capital_gains"":-18871.595703125,""social_security_retirement"":23380.90234375,""taxable_interest_income"":336.7127990722656},""name"":""adult1""},{""age"":70,""employment_income"":28517.671875,""inputs"":{""qualified_dividend_income"":1547.6285400390625,""taxable_interest_income"":1147.5318603515625,""taxable_ira_distributions"":2421.294677734375,""taxable_private_pension_income"":43915.04296875,""weekly_hours_worked"":40.0},""name"":""adult2""}],""children"":[],""filing_status"":""joint"",""id"":""scenario_007"",""metadata"":{""dataset_year"":2024,""household_id"":104952,""tax_unit_id"":10495202},""source_dataset"":""enhanced_cps_2024"",""state"":""FL"",""year"":2025}"
scenario_008,TX,joint,2,0,32080.0,enhanced_cps_2024,"{""adults"":[{""age"":72,""employment_income"":0.0,""inputs"":{},""name"":""adult1""},{""age"":68,""employment_income"":30000.0,""inputs"":{""is_disabled"":true,""veterans_benefits"":2040.0,""weekly_hours_worked"":40.0},""name"":""adult2""}],""children"":[],""filing_status"":""joint"",""id"":""scenario_008"",""metadata"":{""dataset_year"":2024,""household_id"":12404,""tax_unit_id"":1240401},""source_dataset"":""enhanced_cps_2024"",""state"":""TX"",""year"":2025}"
scenario_009,IL,single,1,0,47540.0,enhanced_cps_2024,"{""adults"":[{""age"":38,""employment_income"":42500.0,""inputs"":{""self_employment_income"":5000.0,""weekly_hours_worked"":40.0},""name"":""adult1""}],""children"":[],""filing_status"":""single"",""id"":""scenario_009"",""metadata"":{""dataset_year"":2024,""household_id"":47481,""tax_unit_id"":4748101},""source_dataset"":""enhanced_cps_2024"",""state"":""IL"",""year"":2025}"
scenario_010,TN,joint,2,0,1164688.9200000763,enhanced_cps_2024,"{""adults"":[{""age"":77,""employment_income"":0.0,""inputs"":{""self_employment_income"":1099999.0,""social_security_retirement"":33480.0,""taxable_interest_income"":340.0,""weekly_hours_worked"":60.0},""name"":""adult1""},{""age"":72,""employment_income"":0.0,""inputs"":{""social_security_retirement"":30780.0,""taxable_interest_income"":29.920000076293945},""name"":""adult2""}],""children"":[],""filing_status"":""joint"",""id"":""scenario_010"",""metadata"":{""dataset_year"":2024,""household_id"":39370,""tax_unit_id"":3937001},""source_dataset"":""enhanced_cps_2024"",""state"":""TN"",""year"":2025}"
scenario_011,LA,single,1,0,28670.367584228516,enhanced_cps_2024,"{""adults"":[{""age"":45,""employment_income"":28252.486328125,""inputs"":{""taxable_interest_income"":40.41845703125,""taxable_private_pension_income"":337.4627990722656,""weekly_hours_worked"":40.0},""name"":""adult1""}],""children"":[],""filing_status"":""single"",""id"":""scenario_011"",""metadata"":{""dataset_year"":2024,""household_id"":147665,""tax_unit_id"":14766502},""source_dataset"":""enhanced_cps_2024"",""state"":""LA"",""year"":2025}"
scenario_012,KY,single,1,0,19723.0,enhanced_cps_2024,"{""adults"":[{""age"":63,""employment_income"":3500.0,""inputs"":{""social_security_retirement"":1775.0,""unemployment_compensation"":14400.0,""weekly_hours_worked"":48.0},""name"":""adult1""}],""children"":[],""filing_status"":""single"",""id"":""scenario_012"",""metadata"":{""dataset_year"":2024,""household_id"":77980,""tax_unit_id"":7798001},""source_dataset"":""enhanced_cps_2024"",""state"":""KY"",""year"":2025}"
scenario_013,TX,joint,2,1,142699.6223449707,enhanced_cps_2024,"{""adults"":[{""age"":27,""employment_income"":61354.2578125,""inputs"":{""self_employment_income"":81.158203125,""taxable_private_pension_income"":80793.921875,""weekly_hours_worked"":40.0},""name"":""adult1""},{""age"":25,""employment_income"":414.2844543457031,""inputs"":{""weekly_hours_worked"":16.0},""name"":""adult2""}],""children"":[{""age"":2,""employment_income"":0.0,""inputs"":{},""name"":""child1""}],""filing_status"":""joint"",""id"":""scenario_013"",""metadata"":{""dataset_year"":2024,""household_id"":116197,""tax_unit_id"":11619702},""source_dataset"":""enhanced_cps_2024"",""state"":""TX"",""year"":2025}"
scenario_014,FL,head_of_household,1,1,190060.39999961853,enhanced_cps_2024,"{""adults"":[{""age"":40,""employment_income"":190000.0,""inputs"":{""is_disabled"":true,""taxable_interest_income"":20.399999618530273,""weekly_hours_worked"":40.0},""name"":""adult1""}],""children"":[{""age"":10,""employment_income"":0.0,""inputs"":{},""name"":""child1""}],""filing_status"":""head_of_household"",""id"":""scenario_014"",""metadata"":{""dataset_year"":2024,""household_id"":46079,""tax_unit_id"":4607901},""source_dataset"":""enhanced_cps_2024"",""state"":""FL"",""year"":2025}"
scenario_015,FL,head_of_household,1,2,140.0,enhanced_cps_2024,"{""adults"":[{""age"":34,""employment_income"":100.0,""inputs"":{""weekly_hours_worked"":40.0},""name"":""adult1""}],""children"":[{""age"":14,""employment_income"":0.0,""inputs"":{},""name"":""child1""},{""age"":13,""employment_income"":0.0,""inputs"":{},""name"":""child2""}],""filing_status"":""head_of_household"",""id"":""scenario_015"",""metadata"":{""dataset_year"":2024,""household_id"":18605,""tax_unit_id"":1860501},""source_dataset"":""enhanced_cps_2024"",""state"":""FL"",""year"":2025}"
scenario_016,IL,single,1,0,208159.80004882812,enhanced_cps_2024,"{""adults"":[{""age"":72,""employment_income"":150000.0,""inputs"":{""qualified_dividend_income"":448.0,""social_security_retirement"":56096.0,""taxable_interest_income"":1570.800048828125,""weekly_hours_worked"":45.0},""name"":""adult1""}],""children"":[],""filing_status"":""single"",""id"":""scenario_016"",""metadata"":{""dataset_year"":2024,""household_id"":63330,""tax_unit_id"":6333001},""source_dataset"":""enhanced_cps_2024"",""state"":""IL"",""year"":2025}"
scenario_017,ID,single,1,0,75040.0,enhanced_cps_2024,"{""adults"":[{""age"":57,""employment_income"":75000.0,""inputs"":{""weekly_hours_worked"":40.0},""name"":""adult1""}],""children"":[],""filing_status"":""single"",""id"":""scenario_017"",""metadata"":{""dataset_year"":2024,""household_id"":7866,""tax_unit_id"":786601},""source_dataset"":""enhanced_cps_2024"",""state"":""ID"",""year"":2025}"
scenario_018,IN,single,1,0,49896.006423950195,enhanced_cps_2024,"{""adults"":[{""age"":75,""employment_income"":0.0,""inputs"":{""qualified_dividend_income"":190.7874298095703,""social_security_retirement"":20797.66796875,""taxable_interest_income"":20.209228515625,""taxable_ira_distributions"":17506.69921875,""taxable_private_pension_income"":11380.642578125},""name"":""adult1""}],""children"":[],""filing_status"":""single"",""id"":""scenario_018"",""metadata"":{""dataset_year"":2024,""household_id"":120218,""tax_unit_id"":12021802},""source_dataset"":""enhanced_cps_2024"",""state"":""IN"",""year"":2025}"
scenario_019,ID,head_of_household,1,1,42035.0,enhanced_cps_2024,"{""adults"":[{""age"":41,""employment_income"":0.0,""inputs"":{""self_employment_income"":42000.0,""weekly_hours_worked"":35.0},""name"":""adult1""}],""children"":[{""age"":17,""employment_income"":0.0,""inputs"":{},""name"":""child1""}],""filing_status"":""head_of_household"",""id"":""scenario_019"",""metadata"":{""dataset_year"":2024,""household_id"":76656,""tax_unit_id"":7665601},""source_dataset"":""enhanced_cps_2024"",""state"":""ID"",""year"":2025}"
scenario_020,OK,joint,2,0,-3127.107635498047,enhanced_cps_2024,"{""adults"":[{""age"":85,""employment_income"":0.0,""inputs"":{""long_term_capital_gains"":542.3995971679688,""qualified_dividend_income"":231.56961059570312,""self_employment_income"":-3317.997314453125,""short_term_capital_gains"":-583.0795288085938},""name"":""adult1""},{""age"":84,""employment_income"":0.0,""inputs"":{},""name"":""adult2""}],""children"":[],""filing_status"":""joint"",""id"":""scenario_020"",""metadata"":{""dataset_year"":2024,""household_id"":97842,""tax_unit_id"":9784202},""source_dataset"":""enhanced_cps_2024"",""state"":""OK"",""year"":2025}"
scenario_021,NY,head_of_household,1,2,50040.0,enhanced_cps_2024,"{""adults"":[{""age"":48,""employment_income"":50000.0,""inputs"":{""weekly_hours_worked"":40.0},""name"":""adult1""}],""children"":[{""age"":14,""employment_income"":0.0,""inputs"":{},""name"":""child1""},{""age"":11,""employment_income"":0.0,""inputs"":{},""name"":""child2""}],""filing_status"":""head_of_household"",""id"":""scenario_021"",""metadata"":{""dataset_year"":2024,""household_id"":35328,""tax_unit_id"":3532801},""source_dataset"":""enhanced_cps_2024"",""state"":""NY"",""year"":2025}"
scenario_022,MS,joint,2,0,-1643.2168890237808,enhanced_cps_2024,"{""adults"":[{""age"":66,""employment_income"":214.99681091308594,""inputs"":{""short_term_capital_gains"":-1869.978759765625,""taxable_interest_income"":1.7650598287582397,""weekly_hours_worked"":10.0},""name"":""adult1""},{""age"":66,""employment_income"":0.0,""inputs"":{},""name"":""adult2""}],""children"":[],""filing_status"":""joint"",""id"":""scenario_022"",""metadata"":{""dataset_year"":2024,""household_id"":165983,""tax_unit_id"":16598302},""source_dataset"":""enhanced_cps_2024"",""state"":""MS"",""year"":2025}"
scenario_023,MO,joint,2,0,-7732.025817871094,enhanced_cps_2024,"{""adults"":[{""age"":70,""employment_income"":0.0,""inputs"":{""long_term_capital_gains"":-33899.97265625,""qualified_dividend_income"":490.59625244140625,""short_term_capital_gains"":-2725.557861328125,""social_security_retirement"":28382.69921875,""taxable_interest_income"":20.209228515625},""name"":""adult1""},{""age"":69,""employment_income"":0.0,""inputs"":{},""name"":""adult2""}],""children"":[],""filing_status"":""joint"",""id"":""scenario_023"",""metadata"":{""dataset_year"":2024,""household_id"":136676,""tax_unit_id"":13667602},""source_dataset"":""enhanced_cps_2024"",""state"":""MO"",""year"":2025}"
scenario_024,TX,joint,2,0,135771.01139354706,enhanced_cps_2024,"{""adults"":[{""age"":62,""employment_income"":80323.953125,""inputs"":{""long_term_capital_gains"":3331.805419921875,""qualified_dividend_income"":14.8489408493042,""taxable_interest_income"":44.040626525878906,""taxable_private_pension_income"":13250.0625,""weekly_hours_worked"":45.0},""name"":""adult1""},{""age"":51,""employment_income"":38726.30078125,""inputs"":{""weekly_hours_worked"":35.0},""name"":""adult2""}],""children"":[],""filing_status"":""joint"",""id"":""scenario_024"",""metadata"":{""dataset_year"":2024,""household_id"":102285,""tax_unit_id"":10228502},""source_dataset"":""enhanced_cps_2024"",""state"":""TX"",""year"":2025}"
scenario_025,WI,joint,2,3,135011.91999602318,enhanced_cps_2024,"{""adults"":[{""age"":61,""employment_income"":78000.0,""inputs"":{""taxable_interest_income"":198.55999755859375,""taxable_ira_distributions"":1000.0,""unemployment_compensation"":4680.0,""weekly_hours_worked"":40.0},""name"":""adult1""},{""age"":49,""employment_income"":48000.0,""inputs"":{""taxable_interest_income"":47.599998474121094,""weekly_hours_worked"":32.0},""name"":""adult2""}],""children"":[{""age"":17,""employment_income"":3000.0,""inputs"":{""taxable_interest_income"":2.0399999618530273,""weekly_hours_worked"":9.0},""name"":""child1""},{""age"":15,""employment_income"":0.0,""inputs"":{""taxable_interest_income"":2.7200000286102295},""name"":""child2""},{""age"":14,""employment_income"":0.0,""inputs"":{},""name"":""child3""}],""filing_status"":""joint"",""id"":""scenario_025"",""metadata"":{""dataset_year"":2024,""household_id"":16646,""tax_unit_id"":1664601},""source_dataset"":""enhanced_cps_2024"",""state"":""WI"",""year"":2025}"
scenario_026,VA,head_of_household,1,1,9035.0,enhanced_cps_2024,"{""adults"":[{""age"":49,""employment_income"":9000.0,""inputs"":{""is_disabled"":true,""weekly_hours_worked"":35.0},""name"":""adult1""}],""children"":[{""age"":12,""employment_income"":0.0,""inputs"":{},""name"":""child1""}],""filing_status"":""head_of_household"",""id"":""scenario_026"",""metadata"":{""dataset_year"":2024,""household_id"":49718,""tax_unit_id"":4971801},""source_dataset"":""enhanced_cps_2024"",""state"":""VA"",""year"":2025}"
scenario_027,PA,single,1,0,32168.0,enhanced_cps_2024,"{""adults"":[{""age"":68,""employment_income"":0.0,""inputs"":{""social_security_retirement"":32100.0,""taxable_interest_income"":68.0},""name"":""adult1""}],""children"":[],""filing_status"":""single"",""id"":""scenario_027"",""metadata"":{""dataset_year"":2024,""household_id"":6830,""tax_unit_id"":683001},""source_dataset"":""enhanced_cps_2024"",""state"":""PA"",""year"":2025}"
scenario_028,NY,head_of_household,1,1,2024.0,enhanced_cps_2024,"{""adults"":[{""age"":29,""employment_income"":2000.0,""inputs"":{""weekly_hours_worked"":24.0},""name"":""adult1""}],""children"":[{""age"":4,""employment_income"":0.0,""inputs"":{},""name"":""child1""}],""filing_status"":""head_of_household"",""id"":""scenario_028"",""metadata"":{""dataset_year"":2024,""household_id"":13657,""tax_unit_id"":1365701},""source_dataset"":""enhanced_cps_2024"",""state"":""NY"",""year"":2025}"
scenario_029,OH,single,1,0,1540.0,enhanced_cps_2024,"{""adults"":[{""age"":30,""employment_income"":1500.0,""inputs"":{""weekly_hours_worked"":40.0},""name"":""adult1""}],""children"":[],""filing_status"":""single"",""id"":""scenario_029"",""metadata"":{""dataset_year"":2024,""household_id"":80334,""tax_unit_id"":8033401},""source_dataset"":""enhanced_cps_2024"",""state"":""OH"",""year"":2025}"
scenario_030,IA,joint,2,0,72778.0,enhanced_cps_2024,"{""adults"":[{""age"":68,""employment_income"":49000.0,""inputs"":{""social_security_retirement"":8218.0,""weekly_hours_worked"":35.0},""name"":""adult1""},{""age"":64,""employment_income"":15000.0,""inputs"":{""taxable_interest_income"":510.0,""weekly_hours_worked"":15.0},""name"":""adult2""}],""children"":[],""filing_status"":""joint"",""id"":""scenario_030"",""metadata"":{""dataset_year"":2024,""household_id"":88891,""tax_unit_id"":8889101},""source_dataset"":""enhanced_cps_2024"",""state"":""IA"",""year"":2025}"
scenario_031,IL,joint,2,0,486061.67143058777,enhanced_cps_2024,"{""adults"":[{""age"":31,""employment_income"":51890.8671875,""inputs"":{""long_term_capital_gains"":111.26679992675781,""qualified_dividend_income"":376.1291809082031,""self_employment_income"":3970.684326171875,""weekly_hours_worked"":45.0},""name"":""adult1""},{""age"":29,""employment_income"":41221.859375,""inputs"":{""long_term_capital_gains"":1488.202880859375,""qualified_dividend_income"":1974.70068359375,""short_term_capital_gains"":11.626585006713867,""social_security_disability"":66084.421875,""taxable_interest_income"":641.1273803710938,""taxable_ira_distributions"":281189.34375,""taxable_private_pension_income"":37016.44140625,""weekly_hours_worked"":40.0},""name"":""adult2""}],""children"":[],""filing_status"":""joint"",""id"":""scenario_031"",""metadata"":{""dataset_year"":2024,""household_id"":163944,""tax_unit_id"":16394402},""source_dataset"":""enhanced_cps_2024"",""state"":""IL"",""year"":2025}"
scenario_032,HI,single,1,0,150040.0,enhanced_cps_2024,"{""adults"":[{""age"":26,""employment_income"":150000.0,""inputs"":{""weekly_hours_worked"":40.0},""name"":""adult1""}],""children"":[],""filing_status"":""single"",""id"":""scenario_032"",""metadata"":{""dataset_year"":2024,""household_id"":29769,""tax_unit_id"":2976901},""source_dataset"":""enhanced_cps_2024"",""state"":""HI"",""year"":2025}"
scenario_033,WA,head_of_household,1,1,95077.20000076294,enhanced_cps_2024,"{""adults"":[{""age"":44,""employment_income"":95000.0,""inputs"":{""is_full_time_college_student"":true,""taxable_interest_income"":27.200000762939453,""weekly_hours_worked"":50.0},""name"":""adult1""}],""children"":[{""age"":15,""employment_income"":0.0,""inputs"":{},""name"":""child1""}],""filing_status"":""head_of_household"",""id"":""scenario_033"",""metadata"":{""dataset_year"":2024,""household_id"":39093,""tax_unit_id"":3909301},""source_dataset"":""enhanced_cps_2024"",""state"":""WA"",""year"":2025}"
scenario_034,NY,head_of_household,1,1,69175.2799987793,enhanced_cps_2024,"{""adults"":[{""age"":29,""employment_income"":69000.0,""inputs"":{""taxable_interest_income"":133.27999877929688,""weekly_hours_worked"":42.0},""name"":""adult1""}],""children"":[{""age"":11,""employment_income"":0.0,""inputs"":{},""name"":""child1""}],""filing_status"":""head_of_household"",""id"":""scenario_034"",""metadata"":{""dataset_year"":2024,""household_id"":49916,""tax_unit_id"":4991601},""source_dataset"":""enhanced_cps_2024"",""state"":""NY"",""year"":2025}"
scenario_035,NE,single,1,0,0.6800000071525574,enhanced_cps_2024,"{""adults"":[{""age"":28,""employment_income"":0.0,""inputs"":{""taxable_interest_income"":0.6800000071525574},""name"":""adult1""}],""children"":[],""filing_status"":""single"",""id"":""scenario_035"",""metadata"":{""dataset_year"":2024,""household_id"":16084,""tax_unit_id"":1608401},""source_dataset"":""enhanced_cps_2024"",""state"":""NE"",""year"":2025}"
scenario_036,SC,joint,2,0,89830.0,enhanced_cps_2024,"{""adults"":[{""age"":75,""employment_income"":0.0,""inputs"":{""social_security_retirement"":28800.0},""name"":""adult1""},{""age"":67,""employment_income"":40000.0,""inputs"":{""social_security_retirement"":21000.0,""weekly_hours_worked"":30.0},""name"":""adult2""}],""children"":[],""filing_status"":""joint"",""id"":""scenario_036"",""metadata"":{""dataset_year"":2024,""household_id"":12499,""tax_unit_id"":1249901},""source_dataset"":""enhanced_cps_2024"",""state"":""SC"",""year"":2025}"
scenario_037,FL,single,1,0,1505.52001953125,enhanced_cps_2024,"{""adults"":[{""age"":74,""employment_income"":0.0,""inputs"":{""taxable_interest_income"":1505.52001953125},""name"":""adult1""}],""children"":[],""filing_status"":""single"",""id"":""scenario_037"",""metadata"":{""dataset_year"":2024,""household_id"":50226,""tax_unit_id"":5022601},""source_dataset"":""enhanced_cps_2024"",""state"":""FL"",""year"":2025}"
scenario_038,SC,single,1,0,103217.95997619629,enhanced_cps_2024,"{""adults"":[{""age"":45,""employment_income"":102502.0,""inputs"":{""qualified_dividend_income"":537.5999755859375,""self_employment_income"":1.0,""taxable_interest_income"":137.36000061035156,""weekly_hours_worked"":40.0},""name"":""adult1""}],""children"":[],""filing_status"":""single"",""id"":""scenario_038"",""metadata"":{""dataset_year"":2024,""household_id"":79902,""tax_unit_id"":7990201},""source_dataset"":""enhanced_cps_2024"",""state"":""SC"",""year"":2025}"
scenario_039,NV,single,1,0,146656.60000610352,enhanced_cps_2024,"{""adults"":[{""age"":43,""employment_income"":146467.0,""inputs"":{""taxable_interest_income"":149.60000610351562,""weekly_hours_worked"":40.0},""name"":""adult1""}],""children"":[],""filing_status"":""single"",""id"":""scenario_039"",""metadata"":{""dataset_year"":2024,""household_id"":45055,""tax_unit_id"":4505501},""source_dataset"":""enhanced_cps_2024"",""state"":""NV"",""year"":2025}"
scenario_040,NC,single,1,0,290425.3688964844,enhanced_cps_2024,"{""adults"":[{""age"":61,""employment_income"":10208.8818359375,""inputs"":{""long_term_capital_gains"":36476.37109375,""qualified_dividend_income"":8626.3173828125,""self_employment_income"":45696.9609375,""social_security_retirement"":31808.197265625,""taxable_interest_income"":3516.406005859375,""taxable_private_pension_income"":154069.234375,""weekly_hours_worked"":23.0},""name"":""adult1""}],""children"":[],""filing_status"":""single"",""id"":""scenario_040"",""metadata"":{""dataset_year"":2024,""household_id"":120973,""tax_unit_id"":12097302},""source_dataset"":""enhanced_cps_2024"",""state"":""NC"",""year"":2025}"
scenario_041,OH,joint,2,0,108102.0,enhanced_cps_2024,"{""adults"":[{""age"":71,""employment_income"":0.0,""inputs"":{""social_security_retirement"":60000.0,""taxable_interest_income"":102.0,""veterans_benefits"":14400.0},""name"":""adult1""},{""age"":71,""employment_income"":0.0,""inputs"":{""social_security_retirement"":33600.0},""name"":""adult2""}],""children"":[],""filing_status"":""joint"",""id"":""scenario_041"",""metadata"":{""dataset_year"":2024,""household_id"":82936,""tax_unit_id"":8293601},""source_dataset"":""enhanced_cps_2024"",""state"":""OH"",""year"":2025}"
scenario_042,MD,single,1,0,140050.0,enhanced_cps_2024,"{""adults"":[{""age"":41,""employment_income"":140000.0,""inputs"":{""weekly_hours_worked"":50.0},""name"":""adult1""}],""children"":[],""filing_status"":""single"",""id"":""scenario_042"",""metadata"":{""dataset_year"":2024,""household_id"":25666,""tax_unit_id"":2566601},""source_dataset"":""enhanced_cps_2024"",""state"":""MD"",""year"":2025}"
scenario_043,CA,joint,2,0,36876.9072265625,enhanced_cps_2024,"{""adults"":[{""age"":63,""employment_income"":9136.0966796875,""inputs"":{""weekly_hours_worked"":16.0},""name"":""adult1""},{""age"":59,""employment_income"":27688.810546875,""inputs"":{""weekly_hours_worked"":36.0},""name"":""adult2""}],""children"":[],""filing_status"":""joint"",""id"":""scenario_043"",""metadata"":{""dataset_year"":2024,""household_id"":109956,""tax_unit_id"":10995602},""source_dataset"":""enhanced_cps_2024"",""state"":""CA"",""year"":2025}"
scenario_044,PA,head_of_household,1,3,101069.27999973297,enhanced_cps_2024,"{""adults"":[{""age"":34,""employment_income"":101000.0,""inputs"":{""taxable_interest_income"":14.279999732971191,""weekly_hours_worked"":55.0},""name"":""adult1""}],""children"":[{""age"":13,""employment_income"":0.0,""inputs"":{},""name"":""child1""},{""age"":10,""employment_income"":0.0,""inputs"":{},""name"":""child2""},{""age"":4,""employment_income"":0.0,""inputs"":{},""name"":""child3""}],""filing_status"":""head_of_household"",""id"":""scenario_044"",""metadata"":{""dataset_year"":2024,""household_id"":41010,""tax_unit_id"":4101001},""source_dataset"":""enhanced_cps_2024"",""state"":""PA"",""year"":2025}"
scenario_045,CA,head_of_household,1,1,5008.0,enhanced_cps_2024,"{""adults"":[{""age"":42,""employment_income"":5000.0,""inputs"":{""weekly_hours_worked"":8.0},""name"":""adult1""}],""children"":[{""age"":15,""employment_income"":0.0,""inputs"":{},""name"":""child1""}],""filing_status"":""head_of_household"",""id"":""scenario_045"",""metadata"":{""dataset_year"":2024,""household_id"":22571,""tax_unit_id"":2257101},""source_dataset"":""enhanced_cps_2024"",""state"":""CA"",""year"":2025}"
scenario_046,CA,joint,2,0,26060.0,enhanced_cps_2024,"{""adults"":[{""age"":41,""employment_income"":18000.0,""inputs"":{""weekly_hours_worked"":40.0},""name"":""adult1""},{""age"":38,""employment_income"":8000.0,""inputs"":{""weekly_hours_worked"":20.0},""name"":""adult2""}],""children"":[],""filing_status"":""joint"",""id"":""scenario_046"",""metadata"":{""dataset_year"":2024,""household_id"":12603,""tax_unit_id"":1260301},""source_dataset"":""enhanced_cps_2024"",""state"":""CA"",""year"":2025}"
scenario_047,TX,joint,2,0,35865.68000507355,enhanced_cps_2024,"{""adults"":[{""age"":67,""employment_income"":35000.0,""inputs"":{""taxable_interest_income"":826.8800048828125,""weekly_hours_worked"":32.0},""name"":""adult1""},{""age"":60,""employment_income"":0.0,""inputs"":{""is_disabled"":true,""taxable_interest_income"":6.800000190734863},""name"":""adult2""}],""children"":[],""filing_status"":""joint"",""id"":""scenario_047"",""metadata"":{""dataset_year"":2024,""household_id"":16994,""tax_unit_id"":1699401},""source_dataset"":""enhanced_cps_2024"",""state"":""TX"",""year"":2025}"
scenario_048,FL,single,1,0,15776.0,enhanced_cps_2024,"{""adults"":[{""age"":59,""employment_income"":0.0,""inputs"":{""is_disabled"":true,""social_security_disability"":15776.0},""name"":""adult1""}],""children"":[],""filing_status"":""single"",""id"":""scenario_048"",""metadata"":{""dataset_year"":2024,""household_id"":3357,""tax_unit_id"":335701},""source_dataset"":""enhanced_cps_2024"",""state"":""FL"",""year"":2025}"
scenario_049,VA,joint,2,0,129096.97275543213,enhanced_cps_2024,"{""adults"":[{""age"":57,""employment_income"":102407.7890625,""inputs"":{""taxable_interest_income"":9.772712707519531,""weekly_hours_worked"":40.0},""name"":""adult1""},{""age"":52,""employment_income"":24617.4765625,""inputs"":{""social_security_retirement"":1844.334716796875,""taxable_private_pension_income"":137.59970092773438,""weekly_hours_worked"":40.0},""name"":""adult2""}],""children"":[],""filing_status"":""joint"",""id"":""scenario_049"",""metadata"":{""dataset_year"":2024,""household_id"":105043,""tax_unit_id"":10504302},""source_dataset"":""enhanced_cps_2024"",""state"":""VA"",""year"":2025}"
scenario_050,CO,single,1,0,0.0,enhanced_cps_2024,"{""adults"":[{""age"":62,""employment_income"":0.0,""inputs"":{},""name"":""adult1""}],""children"":[],""filing_status"":""single"",""id"":""scenario_050"",""metadata"":{""dataset_year"":2024,""household_id"":79373,""tax_unit_id"":7937301},""source_dataset"":""enhanced_cps_2024"",""state"":""CO"",""year"":2025}"
scenario_051,IL,joint,2,0,28075.680000007153,enhanced_cps_2024,"{""adults"":[{""age"":62,""employment_income"":0.0,""inputs"":{""social_security_retirement"":1035.0},""name"":""adult1""},{""age"":60,""employment_income"":27000.0,""inputs"":{""taxable_interest_income"":0.6800000071525574,""weekly_hours_worked"":40.0},""name"":""adult2""}],""children"":[],""filing_status"":""joint"",""id"":""scenario_051"",""metadata"":{""dataset_year"":2024,""household_id"":83125,""tax_unit_id"":8312501},""source_dataset"":""enhanced_cps_2024"",""state"":""IL"",""year"":2025}"
scenario_052,SC,single,1,0,67108.29887390137,enhanced_cps_2024,"{""adults"":[{""age"":67,""employment_income"":0.0,""inputs"":{""qualified_dividend_income"":245.29812622070312,""social_security_retirement"":34989.015625,""taxable_interest_income"":222.30152893066406,""taxable_private_pension_income"":31651.68359375},""name"":""adult1""}],""children"":[],""filing_status"":""single"",""id"":""scenario_052"",""metadata"":{""dataset_year"":2024,""household_id"":103457,""tax_unit_id"":10345702},""source_dataset"":""enhanced_cps_2024"",""state"":""SC"",""year"":2025}"
scenario_053,FL,head_of_household,1,4,20015.0,enhanced_cps_2024,"{""adults"":[{""age"":28,""employment_income"":0.0,""inputs"":{""self_employment_income"":20000.0,""weekly_hours_worked"":15.0},""name"":""adult1""}],""children"":[{""age"":8,""employment_income"":0.0,""inputs"":{},""name"":""child1""},{""age"":5,""employment_income"":0.0,""inputs"":{},""name"":""child2""},{""age"":4,""employment_income"":0.0,""inputs"":{},""name"":""child3""},{""age"":2,""employment_income"":0.0,""inputs"":{},""name"":""child4""}],""filing_status"":""head_of_household"",""id"":""scenario_053"",""metadata"":{""dataset_year"":2024,""household_id"":48293,""tax_unit_id"":4829301},""source_dataset"":""enhanced_cps_2024"",""state"":""FL"",""year"":2025}"
scenario_054,NY,single,1,0,0.0,enhanced_cps_2024,"{""adults"":[{""age"":23,""employment_income"":0.0,""inputs"":{},""name"":""adult1""}],""children"":[],""filing_status"":""single"",""id"":""scenario_054"",""metadata"":{""dataset_year"":2024,""household_id"":66657,""tax_unit_id"":6665701},""source_dataset"":""enhanced_cps_2024"",""state"":""NY"",""year"":2025}"
scenario_055,NJ,single,1,0,138108.68000030518,enhanced_cps_2024,"{""adults"":[{""age"":74,""employment_income"":0.0,""inputs"":{""social_security_retirement"":38040.0,""taxable_interest_income"":68.68000030517578,""taxable_ira_distributions"":100000.0},""name"":""adult1""}],""children"":[],""filing_status"":""single"",""id"":""scenario_055"",""metadata"":{""dataset_year"":2024,""household_id"":12088,""tax_unit_id"":1208801},""source_dataset"":""enhanced_cps_2024"",""state"":""NJ"",""year"":2025}"
scenario_056,PA,head_of_household,1,1,11020.0,enhanced_cps_2024,"{""adults"":[{""age"":32,""employment_income"":11000.0,""inputs"":{""weekly_hours_worked"":20.0},""name"":""adult1""}],""children"":[{""age"":5,""employment_income"":0.0,""inputs"":{},""name"":""child1""}],""filing_status"":""head_of_household"",""id"":""scenario_056"",""metadata"":{""dataset_year"":2024,""household_id"":79627,""tax_unit_id"":7962701},""source_dataset"":""enhanced_cps_2024"",""state"":""PA"",""year"":2025}"
scenario_057,CA,joint,2,0,28040.0,enhanced_cps_2024,"{""adults"":[{""age"":57,""employment_income"":0.0,""inputs"":{},""name"":""adult1""},{""age"":51,""employment_income"":28000.0,""inputs"":{""weekly_hours_worked"":40.0},""name"":""adult2""}],""children"":[],""filing_status"":""joint"",""id"":""scenario_057"",""metadata"":{""dataset_year"":2024,""household_id"":49984,""tax_unit_id"":4998401},""source_dataset"":""enhanced_cps_2024"",""state"":""CA"",""year"":2025}"
scenario_058,MN,single,1,0,4509.4800000190735,enhanced_cps_2024,"{""adults"":[{""age"":76,""employment_income"":0.0,""inputs"":{""qualified_dividend_income"":4.480000019073486,""taxable_interest_income"":4505.0},""name"":""adult1""}],""children"":[],""filing_status"":""single"",""id"":""scenario_058"",""metadata"":{""dataset_year"":2024,""household_id"":65218,""tax_unit_id"":6521801},""source_dataset"":""enhanced_cps_2024"",""state"":""MN"",""year"":2025}"
scenario_059,TX,joint,2,0,494497.5614643097,enhanced_cps_2024,"{""adults"":[{""age"":31,""employment_income"":64412.86328125,""inputs"":{""long_term_capital_gains"":10.18063735961914,""qualified_dividend_income"":68.13836669921875,""taxable_interest_income"":298.6552429199219,""weekly_hours_worked"":40.0},""name"":""adult1""},{""age"":29,""employment_income"":41221.859375,""inputs"":{""long_term_capital_gains"":1488.202880859375,""qualified_dividend_income"":1974.70068359375,""short_term_capital_gains"":11.626585006713867,""social_security_disability"":66084.421875,""taxable_interest_income"":641.1273803710938,""taxable_ira_distributions"":281189.34375,""taxable_private_pension_income"":37016.44140625,""weekly_hours_worked"":40.0},""name"":""adult2""}],""children"":[],""filing_status"":""joint"",""id"":""scenario_059"",""metadata"":{""dataset_year"":2024,""household_id"":99940,""tax_unit_id"":9994002},""source_dataset"":""enhanced_cps_2024"",""state"":""TX"",""year"":2025}"
scenario_060,FL,head_of_household,1,3,0.0,enhanced_cps_2024,"{""adults"":[{""age"":33,""employment_income"":0.0,""inputs"":{""is_disabled"":true},""name"":""adult1""}],""children"":[{""age"":12,""employment_income"":0.0,""inputs"":{},""name"":""child1""},{""age"":10,""employment_income"":0.0,""inputs"":{},""name"":""child2""},{""age"":6,""employment_income"":0.0,""inputs"":{},""name"":""child3""}],""filing_status"":""head_of_household"",""id"":""scenario_060"",""metadata"":{""dataset_year"":2024,""household_id"":77054,""tax_unit_id"":7705401},""source_dataset"":""enhanced_cps_2024"",""state"":""FL"",""year"":2025}"
scenario_061,NE,joint,2,1,92629.8799969554,enhanced_cps_2024,"{""adults"":[{""age"":36,""employment_income"":70000.0,""inputs"":{""long_term_capital_gains"":4400.0,""qualified_dividend_income"":179.1999969482422,""short_term_capital_gains"":600.0,""taxable_interest_income"":2380.0,""weekly_hours_worked"":45.0},""name"":""adult1""},{""age"":31,""employment_income"":15000.0,""inputs"":{""taxable_interest_income"":0.6800000071525574,""weekly_hours_worked"":25.0},""name"":""adult2""}],""children"":[{""age"":3,""employment_income"":0.0,""inputs"":{},""name"":""child1""}],""filing_status"":""joint"",""id"":""scenario_061"",""metadata"":{""dataset_year"":2024,""household_id"":64069,""tax_unit_id"":6406901},""source_dataset"":""enhanced_cps_2024"",""state"":""NE"",""year"":2025}"
scenario_062,FL,single,1,0,45.0,enhanced_cps_2024,"{""adults"":[{""age"":43,""employment_income"":0.0,""inputs"":{""is_blind"":true,""is_disabled"":true,""weekly_hours_worked"":45.0},""name"":""adult1""}],""children"":[],""filing_status"":""single"",""id"":""scenario_062"",""metadata"":{""dataset_year"":2024,""household_id"":24029,""tax_unit_id"":2402901},""source_dataset"":""enhanced_cps_2024"",""state"":""FL"",""year"":2025}"
scenario_063,CA,single,1,0,6.119999885559082,enhanced_cps_2024,"{""adults"":[{""age"":72,""employment_income"":0.0,""inputs"":{""taxable_interest_income"":6.119999885559082},""name"":""adult1""}],""children"":[],""filing_status"":""single"",""id"":""scenario_063"",""metadata"":{""dataset_year"":2024,""household_id"":4560,""tax_unit_id"":456001},""source_dataset"":""enhanced_cps_2024"",""state"":""CA"",""year"":2025}"
scenario_064,MN,head_of_household,1,1,0.0,enhanced_cps_2024,"{""adults"":[{""age"":35,""employment_income"":0.0,""inputs"":{},""name"":""adult1""}],""children"":[{""age"":2,""employment_income"":0.0,""inputs"":{},""name"":""child1""}],""filing_status"":""head_of_household"",""id"":""scenario_064"",""metadata"":{""dataset_year"":2024,""household_id"":45029,""tax_unit_id"":4502901},""source_dataset"":""enhanced_cps_2024"",""state"":""MN"",""year"":2025}"
scenario_065,MA,head_of_household,1,1,47040.0,enhanced_cps_2024,"{""adults"":[{""age"":35,""employment_income"":47000.0,""inputs"":{""weekly_hours_worked"":40.0},""name"":""adult1""}],""children"":[{""age"":16,""employment_income"":0.0,""inputs"":{},""name"":""child1""}],""filing_status"":""head_of_household"",""id"":""scenario_065"",""metadata"":{""dataset_year"":2024,""household_id"":18064,""tax_unit_id"":1806401},""source_dataset"":""enhanced_cps_2024"",""state"":""MA"",""year"":2025}"
scenario_066,MO,head_of_household,1,1,90380.0,enhanced_cps_2024,"{""adults"":[{""age"":26,""employment_income"":90000.0,""inputs"":{""taxable_interest_income"":340.0,""weekly_hours_worked"":40.0},""name"":""adult1""}],""children"":[{""age"":3,""employment_income"":0.0,""inputs"":{},""name"":""child1""}],""filing_status"":""head_of_household"",""id"":""scenario_066"",""metadata"":{""dataset_year"":2024,""household_id"":43632,""tax_unit_id"":4363201},""source_dataset"":""enhanced_cps_2024"",""state"":""MO"",""year"":2025}"
scenario_067,PA,joint,2,0,73468.4610748291,enhanced_cps_2024,"{""adults"":[{""age"":65,""employment_income"":0.0,""inputs"":{""qualified_dividend_income"":6105.19775390625,""social_security_retirement"":34377.3203125,""taxable_interest_income"":252.61537170410156,""taxable_ira_distributions"":2656.18896484375,""taxable_private_pension_income"":12683.947265625},""name"":""adult1""},{""age"":56,""employment_income"":17368.19140625,""inputs"":{""is_disabled"":true,""weekly_hours_worked"":25.0},""name"":""adult2""}],""children"":[],""filing_status"":""joint"",""id"":""scenario_067"",""metadata"":{""dataset_year"":2024,""household_id"":125242,""tax_unit_id"":12524202},""source_dataset"":""enhanced_cps_2024"",""state"":""PA"",""year"":2025}"
scenario_068,TX,single,1,0,0.0,enhanced_cps_2024,"{""adults"":[{""age"":23,""employment_income"":0.0,""inputs"":{""is_full_time_college_student"":true},""name"":""adult1""}],""children"":[],""filing_status"":""single"",""id"":""scenario_068"",""metadata"":{""dataset_year"":2024,""household_id"":18989,""tax_unit_id"":1898901},""source_dataset"":""enhanced_cps_2024"",""state"":""TX"",""year"":2025}"
scenario_069,MO,joint,2,1,124062.0,enhanced_cps_2024,"{""adults"":[{""age"":37,""employment_income"":24000.0,""inputs"":{""weekly_hours_worked"":12.0},""name"":""adult1""},{""age"":36,""employment_income"":100000.0,""inputs"":{""weekly_hours_worked"":50.0},""name"":""adult2""}],""children"":[{""age"":1,""employment_income"":0.0,""inputs"":{},""name"":""child1""}],""filing_status"":""joint"",""id"":""scenario_069"",""metadata"":{""dataset_year"":2024,""household_id"":7572,""tax_unit_id"":757201},""source_dataset"":""enhanced_cps_2024"",""state"":""MO"",""year"":2025}"
scenario_070,NC,joint,2,0,46063.35998535156,enhanced_cps_2024,"{""adults"":[{""age"":60,""employment_income"":4000.0,""inputs"":{""social_security_retirement"":26400.0,""taxable_interest_income"":817.3599853515625,""weekly_hours_worked"":2.0},""name"":""adult1""},{""age"":59,""employment_income"":0.0,""inputs"":{""social_security_retirement"":14844.0},""name"":""adult2""}],""children"":[],""filing_status"":""joint"",""id"":""scenario_070"",""metadata"":{""dataset_year"":2024,""household_id"":22110,""tax_unit_id"":2211001},""source_dataset"":""enhanced_cps_2024"",""state"":""NC"",""year"":2025}"
scenario_071,IL,joint,2,3,60040.0,enhanced_cps_2024,"{""adults"":[{""age"":43,""employment_income"":60000.0,""inputs"":{""weekly_hours_worked"":40.0},""name"":""adult1""},{""age"":36,""employment_income"":0.0,""inputs"":{},""name"":""adult2""}],""children"":[{""age"":13,""employment_income"":0.0,""inputs"":{},""name"":""child1""},{""age"":9,""employment_income"":0.0,""inputs"":{},""name"":""child2""},{""age"":6,""employment_income"":0.0,""inputs"":{},""name"":""child3""}],""filing_status"":""joint"",""id"":""scenario_071"",""metadata"":{""dataset_year"":2024,""household_id"":22609,""tax_unit_id"":2260901},""source_dataset"":""enhanced_cps_2024"",""state"":""IL"",""year"":2025}"
scenario_072,OH,single,1,0,56830.0,enhanced_cps_2024,"{""adults"":[{""age"":35,""employment_income"":55000.0,""inputs"":{""is_disabled"":true,""is_full_time_college_student"":true,""unemployment_compensation"":1800.0,""weekly_hours_worked"":30.0},""name"":""adult1""}],""children"":[],""filing_status"":""single"",""id"":""scenario_072"",""metadata"":{""dataset_year"":2024,""household_id"":78520,""tax_unit_id"":7852001},""source_dataset"":""enhanced_cps_2024"",""state"":""OH"",""year"":2025}"
scenario_073,PA,joint,2,3,35045.0,enhanced_cps_2024,"{""adults"":[{""age"":26,""employment_income"":35000.0,""inputs"":{""weekly_hours_worked"":45.0},""name"":""adult1""},{""age"":23,""employment_income"":0.0,""inputs"":{},""name"":""adult2""}],""children"":[{""age"":4,""employment_income"":0.0,""inputs"":{},""name"":""child1""},{""age"":4,""employment_income"":0.0,""inputs"":{},""name"":""child2""},{""age"":3,""employment_income"":0.0,""inputs"":{},""name"":""child3""}],""filing_status"":""joint"",""id"":""scenario_073"",""metadata"":{""dataset_year"":2024,""household_id"":63415,""tax_unit_id"":6341501},""source_dataset"":""enhanced_cps_2024"",""state"":""PA"",""year"":2025}"
scenario_074,UT,single,1,0,47687.38671875,enhanced_cps_2024,"{""adults"":[{""age"":78,""employment_income"":0.0,""inputs"":{""social_security_retirement"":23366.791015625,""taxable_private_pension_income"":24320.595703125},""name"":""adult1""}],""children"":[],""filing_status"":""single"",""id"":""scenario_074"",""metadata"":{""dataset_year"":2024,""household_id"":103847,""tax_unit_id"":10384702},""source_dataset"":""enhanced_cps_2024"",""state"":""UT"",""year"":2025}"
scenario_075,PA,joint,2,0,90090.0,enhanced_cps_2024,"{""adults"":[{""age"":29,""employment_income"":40000.0,""inputs"":{""weekly_hours_worked"":40.0},""name"":""adult1""},{""age"":26,""employment_income"":50000.0,""inputs"":{""weekly_hours_worked"":50.0},""name"":""adult2""}],""children"":[],""filing_status"":""joint"",""id"":""scenario_075"",""metadata"":{""dataset_year"":2024,""household_id"":79180,""tax_unit_id"":7918001},""source_dataset"":""enhanced_cps_2024"",""state"":""PA"",""year"":2025}"
scenario_076,LA,joint,2,0,27600.039993286133,enhanced_cps_2024,"{""adults"":[{""age"":63,""employment_income"":1000.0,""inputs"":{""weekly_hours_worked"":60.0},""name"":""adult1""},{""age"":58,""employment_income"":0.0,""inputs"":{""social_security_retirement"":26300.0,""taxable_interest_income"":240.0399932861328},""name"":""adult2""}],""children"":[],""filing_status"":""joint"",""id"":""scenario_076"",""metadata"":{""dataset_year"":2024,""household_id"":43558,""tax_unit_id"":4355801},""source_dataset"":""enhanced_cps_2024"",""state"":""LA"",""year"":2025}"
scenario_077,NJ,joint,2,2,263042.572101593,enhanced_cps_2024,"{""adults"":[{""age"":38,""employment_income"":7573.56591796875,""inputs"":{""weekly_hours_worked"":20.0},""name"":""adult1""},{""age"":36,""employment_income"":255360.859375,""inputs"":{""taxable_interest_income"":18.146808624267578,""weekly_hours_worked"":70.0},""name"":""adult2""}],""children"":[{""age"":9,""employment_income"":0.0,""inputs"":{},""name"":""child1""},{""age"":4,""employment_income"":0.0,""inputs"":{},""name"":""child2""}],""filing_status"":""joint"",""id"":""scenario_077"",""metadata"":{""dataset_year"":2024,""household_id"":113630,""tax_unit_id"":11363002},""source_dataset"":""enhanced_cps_2024"",""state"":""NJ"",""year"":2025}"
scenario_078,NJ,head_of_household,1,2,14096.0,enhanced_cps_2024,"{""adults"":[{""age"":34,""employment_income"":0.0,""inputs"":{""is_disabled"":true,""social_security_disability"":14096.0},""name"":""adult1""}],""children"":[{""age"":14,""employment_income"":0.0,""inputs"":{},""name"":""child1""},{""age"":9,""employment_income"":0.0,""inputs"":{},""name"":""child2""}],""filing_status"":""head_of_household"",""id"":""scenario_078"",""metadata"":{""dataset_year"":2024,""household_id"":14528,""tax_unit_id"":1452801},""source_dataset"":""enhanced_cps_2024"",""state"":""NJ"",""year"":2025}"
scenario_079,FL,single,1,0,85.0,enhanced_cps_2024,"{""adults"":[{""age"":32,""employment_income"":50.0,""inputs"":{""weekly_hours_worked"":35.0},""name"":""adult1""}],""children"":[],""filing_status"":""single"",""id"":""scenario_079"",""metadata"":{""dataset_year"":2024,""household_id"":4520,""tax_unit_id"":452001},""source_dataset"":""enhanced_cps_2024"",""state"":""FL"",""year"":2025}"
scenario_080,NY,single,1,0,75040.0,enhanced_cps_2024,"{""adults"":[{""age"":29,""employment_income"":75000.0,""inputs"":{""weekly_hours_worked"":40.0},""name"":""adult1""}],""children"":[],""filing_status"":""single"",""id"":""scenario_080"",""metadata"":{""dataset_year"":2024,""household_id"":10749,""tax_unit_id"":1074901},""source_dataset"":""enhanced_cps_2024"",""state"":""NY"",""year"":2025}"
scenario_081,TX,joint,2,0,196650.0,enhanced_cps_2024,"{""adults"":[{""age"":80,""employment_income"":0.0,""inputs"":{""is_disabled"":true,""self_employment_income"":19500.0,""social_security_retirement"":18224.0,""weekly_hours_worked"":5.0},""name"":""adult1""},{""age"":75,""employment_income"":0.0,""inputs"":{""self_employment_income"":110000.0,""social_security_retirement"":48908.0,""weekly_hours_worked"":13.0},""name"":""adult2""}],""children"":[],""filing_status"":""joint"",""id"":""scenario_081"",""metadata"":{""dataset_year"":2024,""household_id"":85102,""tax_unit_id"":8510201},""source_dataset"":""enhanced_cps_2024"",""state"":""TX"",""year"":2025}"
scenario_082,HI,head_of_household,1,3,0.0,enhanced_cps_2024,"{""adults"":[{""age"":34,""employment_income"":0.0,""inputs"":{},""name"":""adult1""}],""children"":[{""age"":12,""employment_income"":0.0,""inputs"":{},""name"":""child1""},{""age"":9,""employment_income"":0.0,""inputs"":{},""name"":""child2""},{""age"":2,""employment_income"":0.0,""inputs"":{},""name"":""child3""}],""filing_status"":""head_of_household"",""id"":""scenario_082"",""metadata"":{""dataset_year"":2024,""household_id"":48715,""tax_unit_id"":4871501},""source_dataset"":""enhanced_cps_2024"",""state"":""HI"",""year"":2025}"
scenario_083,OK,joint,2,0,17583.0,enhanced_cps_2024,"{""adults"":[{""age"":50,""employment_income"":16500.0,""inputs"":{""weekly_hours_worked"":35.0},""name"":""adult1""},{""age"":20,""employment_income"":1040.0,""inputs"":{""is_full_time_college_student"":true,""weekly_hours_worked"":8.0},""name"":""adult2""}],""children"":[],""filing_status"":""joint"",""id"":""scenario_083"",""metadata"":{""dataset_year"":2024,""household_id"":14032,""tax_unit_id"":1403201},""source_dataset"":""enhanced_cps_2024"",""state"":""OK"",""year"":2025}"
scenario_084,TX,head_of_household,1,1,5534.0,enhanced_cps_2024,"{""adults"":[{""age"":35,""employment_income"":5500.0,""inputs"":{""weekly_hours_worked"":34.0},""name"":""adult1""}],""children"":[{""age"":5,""employment_income"":0.0,""inputs"":{},""name"":""child1""}],""filing_status"":""head_of_household"",""id"":""scenario_084"",""metadata"":{""dataset_year"":2024,""household_id"":58357,""tax_unit_id"":5835701},""source_dataset"":""enhanced_cps_2024"",""state"":""TX"",""year"":2025}"
scenario_085,NY,single,1,0,0.0,enhanced_cps_2024,"{""adults"":[{""age"":82,""employment_income"":0.0,""inputs"":{""is_disabled"":true},""name"":""adult1""}],""children"":[],""filing_status"":""single"",""id"":""scenario_085"",""metadata"":{""dataset_year"":2024,""household_id"":13370,""tax_unit_id"":1337001},""source_dataset"":""enhanced_cps_2024"",""state"":""NY"",""year"":2025}"
scenario_086,CO,joint,2,2,98043.19200003147,enhanced_cps_2024,"{""adults"":[{""age"":35,""employment_income"":0.0,""inputs"":{""taxable_interest_income"":1.3600000143051147},""name"":""adult1""},{""age"":34,""employment_income"":98002.0,""inputs"":{""qualified_dividend_income"":1.7920000553131104,""taxable_interest_income"":2.0399999618530273,""weekly_hours_worked"":36.0},""name"":""adult2""}],""children"":[{""age"":7,""employment_income"":0.0,""inputs"":{},""name"":""child1""},{""age"":5,""employment_income"":0.0,""inputs"":{},""name"":""child2""}],""filing_status"":""joint"",""id"":""scenario_086"",""metadata"":{""dataset_year"":2024,""household_id"":82684,""tax_unit_id"":8268401},""source_dataset"":""enhanced_cps_2024"",""state"":""CO"",""year"":2025}"
scenario_087,IL,single,1,0,22440.0,enhanced_cps_2024,"{""adults"":[{""age"":85,""employment_income"":0.0,""inputs"":{""social_security_retirement"":22440.0},""name"":""adult1""}],""children"":[],""filing_status"":""single"",""id"":""scenario_087"",""metadata"":{""dataset_year"":2024,""household_id"":46288,""tax_unit_id"":4628801},""source_dataset"":""enhanced_cps_2024"",""state"":""IL"",""year"":2025}"
scenario_088,NY,single,1,0,22040.0,enhanced_cps_2024,"{""adults"":[{""age"":57,""employment_income"":20000.0,""inputs"":{""self_employment_income"":2000.0,""weekly_hours_worked"":40.0},""name"":""adult1""}],""children"":[],""filing_status"":""single"",""id"":""scenario_088"",""metadata"":{""dataset_year"":2024,""household_id"":40513,""tax_unit_id"":4051301},""source_dataset"":""enhanced_cps_2024"",""state"":""NY"",""year"":2025}"
scenario_089,WA,single,1,0,20040.0,enhanced_cps_2024,"{""adults"":[{""age"":25,""employment_income"":0.0,""inputs"":{""self_employment_income"":20000.0,""weekly_hours_worked"":40.0},""name"":""adult1""}],""children"":[],""filing_status"":""single"",""id"":""scenario_089"",""metadata"":{""dataset_year"":2024,""household_id"":24006,""tax_unit_id"":2400603},""source_dataset"":""enhanced_cps_2024"",""state"":""WA"",""year"":2025}"
scenario_090,NY,joint,2,2,2765622.680000007,enhanced_cps_2024,"{""adults"":[{""age"":46,""employment_income"":80000.0,""inputs"":{""taxable_interest_income"":986.0,""weekly_hours_worked"":40.0},""name"":""adult1""},{""age"":46,""employment_income"":1569999.0,""inputs"":{""long_term_capital_gains"":8800.0,""qualified_dividend_income"":4480.0,""self_employment_income"":1099999.0,""short_term_capital_gains"":1200.0,""taxable_interest_income"":0.6800000071525574,""weekly_hours_worked"":50.0},""name"":""adult2""}],""children"":[{""age"":17,""employment_income"":0.0,""inputs"":{""taxable_interest_income"":68.0},""name"":""child1""},{""age"":14,""employment_income"":0.0,""inputs"":{},""name"":""child2""}],""filing_status"":""joint"",""id"":""scenario_090"",""metadata"":{""dataset_year"":2024,""household_id"":76531,""tax_unit_id"":7653101},""source_dataset"":""enhanced_cps_2024"",""state"":""NY"",""year"":2025}"
scenario_091,AZ,single,1,0,138108.68000030518,enhanced_cps_2024,"{""adults"":[{""age"":74,""employment_income"":0.0,""inputs"":{""social_security_retirement"":38040.0,""taxable_interest_income"":68.68000030517578,""taxable_ira_distributions"":100000.0},""name"":""adult1""}],""children"":[],""filing_status"":""single"",""id"":""scenario_091"",""metadata"":{""dataset_year"":2024,""household_id"":36364,""tax_unit_id"":3636401},""source_dataset"":""enhanced_cps_2024"",""state"":""AZ"",""year"":2025}"
scenario_092,CT,joint,2,2,150084.08000010252,enhanced_cps_2024,"{""adults"":[{""age"":45,""employment_income"":65000.0,""inputs"":{""taxable_interest_income"":0.6800000071525574,""weekly_hours_worked"":40.0},""name"":""adult1""},{""age"":43,""employment_income"":85000.0,""inputs"":{""taxable_interest_income"":3.4000000953674316,""weekly_hours_worked"":40.0},""name"":""adult2""}],""children"":[{""age"":17,""employment_income"":0.0,""inputs"":{},""name"":""child1""},{""age"":13,""employment_income"":0.0,""inputs"":{},""name"":""child2""}],""filing_status"":""joint"",""id"":""scenario_092"",""metadata"":{""dataset_year"":2024,""household_id"":10586,""tax_unit_id"":1058601},""source_dataset"":""enhanced_cps_2024"",""state"":""CT"",""year"":2025}"
scenario_093,TX,single,1,0,10341.359985351562,enhanced_cps_2024,"{""adults"":[{""age"":71,""employment_income"":0.0,""inputs"":{""taxable_interest_income"":341.3599853515625,""taxable_ira_distributions"":10000.0},""name"":""adult1""}],""children"":[],""filing_status"":""single"",""id"":""scenario_093"",""metadata"":{""dataset_year"":2024,""household_id"":12249,""tax_unit_id"":1224901},""source_dataset"":""enhanced_cps_2024"",""state"":""TX"",""year"":2025}"
scenario_094,TN,single,1,0,41745.61865234375,enhanced_cps_2024,"{""adults"":[{""age"":40,""employment_income"":59353.96484375,""inputs"":{""is_disabled"":true,""self_employment_income"":-21667.189453125,""social_security_disability"":2009.421630859375,""social_security_retirement"":2009.421630859375,""weekly_hours_worked"":40.0},""name"":""adult1""}],""children"":[],""filing_status"":""single"",""id"":""scenario_094"",""metadata"":{""dataset_year"":2024,""household_id"":161889,""tax_unit_id"":16188902},""source_dataset"":""enhanced_cps_2024"",""state"":""TN"",""year"":2025}"
scenario_095,MA,joint,2,1,55919.491638183594,enhanced_cps_2024,"{""adults"":[{""age"":23,""employment_income"":48367.73046875,""inputs"":{""self_employment_income"":-9747.546875,""social_security_retirement"":8212.634765625,""taxable_private_pension_income"":6311.7607421875,""weekly_hours_worked"":40.0},""name"":""adult1""},{""age"":22,""employment_income"":2018.312744140625,""inputs"":{""is_full_time_college_student"":true,""social_security_disability"":137.1298828125,""social_security_retirement"":569.4699096679688,""weekly_hours_worked"":10.0},""name"":""adult2""}],""children"":[{""age"":0,""employment_income"":0.0,""inputs"":{},""name"":""child1""}],""filing_status"":""joint"",""id"":""scenario_095"",""metadata"":{""dataset_year"":2024,""household_id"":143847,""tax_unit_id"":14384702},""source_dataset"":""enhanced_cps_2024"",""state"":""MA"",""year"":2025}"
scenario_096,NM,single,1,0,100918.0,enhanced_cps_2024,"{""adults"":[{""age"":52,""employment_income"":93000.0,""inputs"":{""taxable_interest_income"":7888.0,""weekly_hours_worked"":30.0},""name"":""adult1""}],""children"":[],""filing_status"":""single"",""id"":""scenario_096"",""metadata"":{""dataset_year"":2024,""household_id"":83624,""tax_unit_id"":8362401},""source_dataset"":""enhanced_cps_2024"",""state"":""NM"",""year"":2025}"
scenario_097,WV,single,1,0,45040.0,enhanced_cps_2024,"{""adults"":[{""age"":30,""employment_income"":45000.0,""inputs"":{""weekly_hours_worked"":40.0},""name"":""adult1""}],""children"":[],""filing_status"":""single"",""id"":""scenario_097"",""metadata"":{""dataset_year"":2024,""household_id"":22282,""tax_unit_id"":2228201},""source_dataset"":""enhanced_cps_2024"",""state"":""WV"",""year"":2025}"
scenario_098,WA,joint,2,0,141804.60558319092,enhanced_cps_2024,"{""adults"":[{""age"":63,""employment_income"":2003.3453369140625,""inputs"":{""social_security_disability"":1574.5775146484375,""social_security_retirement"":1574.5775146484375,""weekly_hours_worked"":10.0},""name"":""adult1""},{""age"":59,""employment_income"":80020.1171875,""inputs"":{""long_term_capital_gains"":22937.818359375,""qualified_dividend_income"":5316.5693359375,""short_term_capital_gains"":619.9410400390625,""taxable_interest_income"":102.65929412841797,""veterans_benefits"":27600.0,""weekly_hours_worked"":45.0},""name"":""adult2""}],""children"":[],""filing_status"":""joint"",""id"":""scenario_098"",""metadata"":{""dataset_year"":2024,""household_id"":166891,""tax_unit_id"":16689102},""source_dataset"":""enhanced_cps_2024"",""state"":""WA"",""year"":2025}"
scenario_099,TN,joint,2,2,269452.1883878708,enhanced_cps_2024,"{""adults"":[{""age"":38,""employment_income"":75292.328125,""inputs"":{""qualified_dividend_income"":13.287566184997559,""self_employment_income"":15722.7001953125,""taxable_interest_income"":50.5230712890625,""weekly_hours_worked"":80.0},""name"":""adult1""},{""age"":36,""employment_income"":178223.5,""inputs"":{""taxable_interest_income"":39.849430084228516,""weekly_hours_worked"":30.0},""name"":""adult2""}],""children"":[{""age"":6,""employment_income"":0.0,""inputs"":{},""name"":""child1""},{""age"":4,""employment_income"":0.0,""inputs"":{},""name"":""child2""}],""filing_status"":""joint"",""id"":""scenario_099"",""metadata"":{""dataset_year"":2024,""household_id"":105966,""tax_unit_id"":10596602},""source_dataset"":""enhanced_cps_2024"",""state"":""TN"",""year"":2025}"
